"","Train Operating Company (TOC)","Delay Type","Category of Delay","2011-12","2012-13","2013-14","2014-15","2015-16","2016-17","2017-18","2018-19"
"1","Arriva Trains Wales","All Delay Minutes","All Delay Minutes",305225.999999,314364.999999,274904.999994,339272.999992,332631.999994,332100.999987,320783.999932,376279.999901
"2","Arriva Trains Wales","NR-on-TOC","NR-on-TOC",145408.272999,165868.13,134661.594996,166710.665993,175680.265995,156750.32819,167014.504441,174663.718921
"3","Arriva Trains Wales","NR-on-TOC","External",42652,33664,32620.5,31487.5,35629.724,35160.870998,43848.055985,43265.431487
"4","Arriva Trains Wales","NR-on-TOC","Network Management / Other",35335.673,34722.818,43186.528998,49389.933993,51524.173996,55228.766695,59204.815969,58542.866456
"5","Arriva Trains Wales","NR-on-TOC","Non-Track Assets",51469.599999,50782.812,42383.065998,65508.232,64791.589999,46207.051498,44899.512488,48609.30649
"6","Arriva Trains Wales","NR-on-TOC","Severe Weather, Autumn,  & Structures",4571,36244.5,5957.5,10313,8198.778,12740.624,11023.94,12929.894492
"7","Arriva Trains Wales","NR-on-TOC","Track",11380,10454,10514,10012,15536,7413.014999,8038.179999,11316.219996
"8","Arriva Trains Wales","TOC-on-Self","TOC-on-Self",135316.75,120711.26,105934,133810.149999,116466,147933.470798,124013.923998,161283.599999
"9","Arriva Trains Wales","TOC-on-Self","Fleet",76413,62918.26,53694.5,69359.78,51735.5,63487.384599,64501.46,88233
"10","Arriva Trains Wales","TOC-on-Self","Operations",5863.5,10843,6356.5,6118.369999,4034,4573.245,5788.583999,6771.5
"11","Arriva Trains Wales","TOC-on-Self","Stations",25293.25,21487,22432,28007,27212.5,35609.341199,24523.939999,29942
"12","Arriva Trains Wales","TOC-on-Self","TOC Other",9550.5,8774,7506,10060.5,9626,13193.5,13448.94,16484.5
"13","Arriva Trains Wales","TOC-on-Self","Traincrew",18196.5,16689,15945,20264.5,23858,31070,15751,19852.599999
"14","Arriva Trains Wales","TOC-on-TOC","TOC-on-TOC",24500.977,27785.609999,34309.404998,38752.184,40485.733999,27417.200999,29755.571493,40332.680981
"15","Arriva Trains Wales","TOC-on-TOC","Fleet",11888.477,13350.5,16859.3,18835.5,19533.289999,13542.366,12586.698999,20214.598993
"16","Arriva Trains Wales","TOC-on-TOC","Operations",3151,3238.109999,3504.604998,4151.684,2646.604,2517.195,2885.971497,4002.569996
"17","Arriva Trains Wales","TOC-on-TOC","Stations",973,1256.5,1492,1835,6091.348,2047.5,2583.412999,3064.391
"18","Arriva Trains Wales","TOC-on-TOC","TOC Other",5405,5966,6920.5,8421.5,5644.5,5567.069999,6776.286999,5684.153998
"19","Arriva Trains Wales","TOC-on-TOC","Traincrew",3083.5,3974.5,5533,5508.5,6569.992,3743.07,4923.200999,7366.966994
"20","c2c","All Delay Minutes","All Delay Minutes",29891.999997,22064,23100.999999,31328,22539.999998,45055.999997,34038,45651.999995
"21","c2c","NR-on-TOC","NR-on-TOC",20114.149999,13952.5,13922.1,23007.4,11657.699999,26780.297998,17706.5,27672.023997
"22","c2c","NR-on-TOC","External",6348.92,4041,4839,4170,4087,5625.228,5307.5,6754
"23","c2c","NR-on-TOC","Network Management / Other",5695.229999,3909,3326.1,2370.4,2858.699999,8361.169998,4016,6184.228998
"24","c2c","NR-on-TOC","Non-Track Assets",5629,5215,3839,8814,2735,3976.414,4958,5693.889999
"25","c2c","NR-on-TOC","Severe Weather, Autumn,  & Structures",1138,201.5,935,1277,873,4679.486,493,3971.905
"26","c2c","NR-on-TOC","Track",1303,586,983,6376,1104,4138,2932,5068
"27","c2c","TOC-on-Self","TOC-on-Self",8858.849998,6678.5,8017.899999,7423.1,9948.299999,17198.791999,14725.5,17158.142998
"28","c2c","TOC-on-Self","Fleet",3392.769999,2071,3464.399999,2368.5,3584.799999,7804.457999,3856.5,7478.862999
"29","c2c","TOC-on-Self","Operations",98,119,89,358,186.5,346,921,196.5
"30","c2c","TOC-on-Self","Stations",644,587,462.5,650,690.5,1433.334,1628,1402.779999
"31","c2c","TOC-on-Self","TOC Other",3410.079999,2961,2777,2839.6,4024,3757,3814.5,3208.5
"32","c2c","TOC-on-Self","Traincrew",1314,940.5,1225,1207,1462.5,3858,4505.5,4871.5
"33","c2c","TOC-on-TOC","TOC-on-TOC",919,1433,1161,897.5,934,1076.91,1606,821.833
"34","c2c","TOC-on-TOC","Fleet",296,736,221,407,193,575.41,815,212.65
"35","c2c","TOC-on-TOC","Operations",146.5,283,436,100.5,128.5,126,210.5,167.2
"36","c2c","TOC-on-TOC","Stations",11,15,15,32,75,74.5,86,50
"37","c2c","TOC-on-TOC","TOC Other",354.5,322,375.5,227,245,215,252,265.633
"38","c2c","TOC-on-TOC","Traincrew",111,77,113.5,131,292.5,86,242.5,126.35
"39","Caledonian Sleeper","All Delay Minutes","All Delay Minutes",NA,NA,NA,NA,20352.999999,18824.999994,19071.999967,19068.999967
"40","Caledonian Sleeper","NR-on-TOC","NR-on-TOC",NA,NA,NA,NA,5497.559999,7319.206494,8070.476975,8514.216974
"41","Caledonian Sleeper","NR-on-TOC","External",NA,NA,NA,NA,843,332.9395,3073.5,2050.28
"42","Caledonian Sleeper","NR-on-TOC","Network Management / Other",NA,NA,NA,NA,1923.825,2844.064994,2411.764975,3253.251977
"43","Caledonian Sleeper","NR-on-TOC","Non-Track Assets",NA,NA,NA,NA,1957.234999,2823.702,2260.807,2296.66
"44","Caledonian Sleeper","NR-on-TOC","Severe Weather, Autumn,  & Structures",NA,NA,NA,NA,72.5,874.5,136.948,439.024997
"45","Caledonian Sleeper","NR-on-TOC","Track",NA,NA,NA,NA,701,444,187.457,475
"46","Caledonian Sleeper","TOC-on-Self","TOC-on-Self",NA,NA,NA,NA,12544.94,9636.004,9288.442995,8711.694993
"47","Caledonian Sleeper","TOC-on-Self","Fleet",NA,NA,NA,NA,6246.44,6165,5028.5,4216.392999
"48","Caledonian Sleeper","TOC-on-Self","Operations",NA,NA,NA,NA,3541.5,1556.5,2086.153996,2515.559996
"49","Caledonian Sleeper","TOC-on-Self","Stations",NA,NA,NA,NA,811,813,769.817,621.670998
"50","Caledonian Sleeper","TOC-on-Self","TOC Other",NA,NA,NA,NA,246,190,751.5,589.306
"51","Caledonian Sleeper","TOC-on-Self","Traincrew",NA,NA,NA,NA,1700,911.504,652.471999,768.765
"52","Caledonian Sleeper","TOC-on-TOC","TOC-on-TOC",NA,NA,NA,NA,2310.5,1869.7895,1713.079997,1843.088
"53","Caledonian Sleeper","TOC-on-TOC","Fleet",NA,NA,NA,NA,1514,1299.5605,733.073,1055.008
"54","Caledonian Sleeper","TOC-on-TOC","Operations",NA,NA,NA,NA,175.5,143.337,93.613998,228.558
"55","Caledonian Sleeper","TOC-on-TOC","Stations",NA,NA,NA,NA,39,29,43,29
"56","Caledonian Sleeper","TOC-on-TOC","TOC Other",NA,NA,NA,NA,202.5,137.5,621.324999,355.024
"57","Caledonian Sleeper","TOC-on-TOC","Traincrew",NA,NA,NA,NA,379.5,260.392,222.068,175.498
"58","Chiltern Railways","All Delay Minutes","All Delay Minutes",117737,105880.999997,78951.999999,77390.999996,94285.999996,140471.999995,141226.999976,153429.999973
"59","Chiltern Railways","NR-on-TOC","NR-on-TOC",53279,55027.239999,33784.159999,36573.338997,45322.357999,81201.981497,62555.137981,95207.228978
"60","Chiltern Railways","NR-on-TOC","External",13242.5,12290,6148.5,11320.5,8598.5,16260,11884.291998,14798.128
"61","Chiltern Railways","NR-on-TOC","Network Management / Other",21712.5,13953.739999,11102.659999,11277.418997,13911.458,23600.520497,26526.093985,22709.776985
"62","Chiltern Railways","NR-on-TOC","Non-Track Assets",12954,20820.5,11028,8298.42,18033.5,17309.461,14595.418998,23521.707993
"63","Chiltern Railways","NR-on-TOC","Severe Weather, Autumn,  & Structures",771,4854,2290,2299,2021.899999,7986,1893.578,15151.752
"64","Chiltern Railways","NR-on-TOC","Track",4599,3109,3215,3378,2757,16046,7655.755,19025.864
"65","Chiltern Railways","TOC-on-Self","TOC-on-Self",51712,40874.759998,34962.84,30430.549999,36687.989998,47104.37,60352.125996,44123.915995
"66","Chiltern Railways","TOC-on-Self","Fleet",16421,20674.259998,20144.34,17385.82,20731,22578.5,33014.079998,23782.743998
"67","Chiltern Railways","TOC-on-Self","Operations",23605.5,8130,4906,3547.61,3752,5561.32,5288.775998,3785.52
"68","Chiltern Railways","TOC-on-Self","Stations",3017.5,3374.5,1718.5,2421,2596,3789,4885.27,4412.151998
"69","Chiltern Railways","TOC-on-Self","TOC Other",1793.5,2987,1844.5,2335.519999,3072.599999,5052.5,8944,4522.4
"70","Chiltern Railways","TOC-on-Self","Traincrew",6874.5,5709,6349.5,4740.6,6536.389999,10123.05,8220,7621.099999
"71","Chiltern Railways","TOC-on-TOC","TOC-on-TOC",12746,9979,10205,10387.111,12275.651999,12165.648498,18319.735999,14098.855
"72","Chiltern Railways","TOC-on-TOC","Fleet",6239.5,4375.5,5936.5,4785.5,6249.651999,6078.537999,10364.953999,7317.785
"73","Chiltern Railways","TOC-on-TOC","Operations",1720,1137,816,1062.111,720,1199.522,1761.782,677.323
"74","Chiltern Railways","TOC-on-TOC","Stations",344.5,483.5,451.5,658,560,507.5,1051.5,859.816
"75","Chiltern Railways","TOC-on-TOC","TOC Other",2860,1835,1300,2017.5,1876,2464.726,2265,2149.173
"76","Chiltern Railways","TOC-on-TOC","Traincrew",1582,2148,1701,1864,2870,1915.362499,2876.5,3094.758
"77","CrossCountry","All Delay Minutes","All Delay Minutes",379019.729998,385689.999997,377929.999982,335348.999976,352160.999964,352973.999917,343974.999866,507300.99971
"78","CrossCountry","NR-on-TOC","NR-on-TOC",247981.905999,248287.633998,231959.709987,203017.074983,217996.650974,229585.474927,211701.427399,328696.853265
"79","CrossCountry","NR-on-TOC","External",61818.005999,55601.654,56443.226,41277.74,48493.626998,54174.365994,52856.888983,66474.647474
"80","CrossCountry","NR-on-TOC","Network Management / Other",61631.67,60054.779998,65324.083987,62380.029983,57102.115978,58405.311455,60114.459941,80707.21286
"81","CrossCountry","NR-on-TOC","Non-Track Assets",81683.5,79158.5,71007,63883.784,78506.875998,75076.982983,67593.439483,97047.906963
"82","CrossCountry","NR-on-TOC","Severe Weather, Autumn,  & Structures",14579,29750.2,10734.4,11241.521,8544.032,16880.509498,7398.363495,33758.175975
"83","CrossCountry","NR-on-TOC","Track",28269.73,23722.5,28451,24234,25350,25048.304997,23738.275497,50708.909993
"84","CrossCountry","TOC-on-Self","TOC-on-Self",34547,35780,39369.969997,37437.049994,39193.779993,34542.8,35815.283999,45537.607997
"85","CrossCountry","TOC-on-Self","Fleet",15605,17901,18622.549999,16837.309997,18641.989996,17713.8,18064.5,22902.219999
"86","CrossCountry","TOC-on-Self","Operations",1665,1582,2637.5,2375.989998,2091.55,1973.5,2056,3096.187999
"87","CrossCountry","TOC-on-Self","Stations",3563.5,2979.5,3896,4089.43,5205.239999,3389,4138.5,4818.5
"88","CrossCountry","TOC-on-Self","TOC Other",6474.5,6238,5985.919998,4897.86,6192.709999,6910,6812,7841.199999
"89","CrossCountry","TOC-on-Self","Traincrew",7239,7079.5,8228,9236.459999,7062.289999,4556.5,4744.283999,6879.5
"90","CrossCountry","TOC-on-TOC","TOC-on-TOC",96490.823999,101622.365999,106600.319998,94894.874999,94970.568997,88845.72499,96458.288468,133066.538448
"91","CrossCountry","TOC-on-TOC","Fleet",52105.823999,54288.816,53612.563998,48126.964,45637.263998,43667.937994,47849.656989,66374.873983
"92","CrossCountry","TOC-on-TOC","Operations",12507,9855,9709.156,7716.013999,6327.525999,5684.357999,5217.370492,9423.604989
"93","CrossCountry","TOC-on-TOC","Stations",4731,5612,6744.5,6396,9461,9601.125,10842.147995,11177.626994
"94","CrossCountry","TOC-on-TOC","TOC Other",17399,16772.799999,19049.1,18025,15841.946,14847.574998,16387.648998,20368.708491
"95","CrossCountry","TOC-on-TOC","Traincrew",9748,15093.75,17485,14630.897,17702.833,15044.728999,16161.463994,25721.723991
"96","East Midlands Trains","All Delay Minutes","All Delay Minutes",191627,186329.999998,232609.999995,217508.999985,206950.499971,229117.999934,207730.999955,292120.999876
"97","East Midlands Trains","NR-on-TOC","NR-on-TOC",126622.5,120246.099999,144218.000996,135201.549986,120348.947974,145448.692948,127103.224469,175749.177905
"98","East Midlands Trains","NR-on-TOC","External",32933.5,23656.5,32167.512,24186.063,32244.410999,37220.689,33459.440995,44544.912994
"99","East Midlands Trains","NR-on-TOC","Network Management / Other",31064,28900.299999,39855.868996,41491.616986,36100.044985,31584.50547,34552.647484,46359.232943
"100","East Midlands Trains","NR-on-TOC","Non-Track Assets",40397.5,41112.5,49610,45572.04,33675.337994,44761.127487,35030.362492,45008.04998
"101","East Midlands Trains","NR-on-TOC","Severe Weather, Autumn,  & Structures",4880.5,14438.3,5665.62,6373.83,4168.891999,11259.037496,5526.574498,13909.346991
"102","East Midlands Trains","NR-on-TOC","Track",17347,12138.5,16919,17578,14160.261997,20623.333495,18534.199,25927.634997
"103","East Midlands Trains","TOC-on-Self","TOC-on-Self",39942.5,41466.199999,49523.5,46693.8,44553.75,46156,43703.5,59670.728
"104","East Midlands Trains","TOC-on-Self","Fleet",26840.5,25108.5,26452.5,29611.8,28420,27983.5,24432,30739
"105","East Midlands Trains","TOC-on-Self","Operations",357,635,1192.5,1228,501,415.5,324.5,1167
"106","East Midlands Trains","TOC-on-Self","Stations",3291,3091,4631,4758,4695.5,6113.5,6472.5,7697
"107","East Midlands Trains","TOC-on-Self","TOC Other",3291.5,4117,4480.5,4932,4758.75,5439.5,5937,8370
"108","East Midlands Trains","TOC-on-Self","Traincrew",6162.5,8514.699999,12767,6164,6178.5,6204,6537.5,11697.728
"109","East Midlands Trains","TOC-on-TOC","TOC-on-TOC",25062,24617.7,38868.498999,35613.649999,42047.801997,37513.306986,36924.275486,56701.093971
"110","East Midlands Trains","TOC-on-TOC","Fleet",13319,12222,18888.5,17371.5,21413.696997,17998.023993,16605.073496,24179.524982
"111","East Midlands Trains","TOC-on-TOC","Operations",2335.5,2954,4599.498999,3851.509999,3640.983,3456.749997,3410.119997,8725.404998
"112","East Midlands Trains","TOC-on-TOC","Stations",1246,1207.5,1361.5,2458.5,3117.304,2886.571999,2622.143997,3118.207998
"113","East Midlands Trains","TOC-on-TOC","TOC Other",4654.5,5047.7,8124.5,6593.5,7184.408,6605.099999,8106.596997,7804.127995
"114","East Midlands Trains","TOC-on-TOC","Traincrew",3507,3186.5,5894.5,5338.64,6691.41,6566.860998,6180.340999,12873.827998
"115","Govia Thameslink Railway","All Delay Minutes","All Delay Minutes",742258.999999,725438.999999,731220.999992,885349.99998,1167698.999832,1620002.999733,1165256.999893,1310147.999827
"116","Govia Thameslink Railway","NR-on-TOC","NR-on-TOC",456789.05,449960.639999,491565.754992,569018.749982,660834.915857,875858.841276,684596.126912,705556.995862
"117","Govia Thameslink Railway","NR-on-TOC","External",123845.5,75884.5,120376.037,124185.912,126674.95948,145992.895971,128126.453983,153889.225985
"118","Govia Thameslink Railway","NR-on-TOC","Network Management / Other",152667.45,151682.239999,176534.293993,227564.200985,234444.999432,423390.544875,326723.996956,273344.680912
"119","Govia Thameslink Railway","NR-on-TOC","Non-Track Assets",130787.5,148810.5,152186.679,149319.691997,198306.916979,190458.544456,148243.204977,183638.929983
"120","Govia Thameslink Railway","NR-on-TOC","Severe Weather, Autumn,  & Structures",24754.6,33810.4,6990.744999,19299.821,28895.259973,44683.867979,21167.252997,22921.410988
"121","Govia Thameslink Railway","NR-on-TOC","Track",24734,39773,35478,48649.124,72512.779993,71332.987995,60335.217999,71762.747994
"122","Govia Thameslink Railway","TOC-on-Self","TOC-on-Self",238015.55,237061.76,203764.645,270647.215998,456602.149975,693670.831959,432735.374986,540973.280993
"123","Govia Thameslink Railway","TOC-on-Self","Fleet",101055.5,88676.76,80794.8,93412.373999,144651.060994,196126.649983,151797.923991,132341.071994
"124","Govia Thameslink Railway","TOC-on-Self","Operations",23979.25,26603,12524.345,22905.644999,42489.134995,42589.500996,14500.559999,74970.5
"125","Govia Thameslink Railway","TOC-on-Self","Stations",23111.5,25231.5,19276,36649.5,49157.177494,51369.282991,36742.335999,32067.5
"126","Govia Thameslink Railway","TOC-on-Self","TOC Other",39972,36068,36950.5,40010.5,53029.262497,70872.049998,66691.690998,60309.192
"127","Govia Thameslink Railway","TOC-on-Self","Traincrew",49897.3,60482.5,54219,77669.197,167275.513995,332713.347991,163002.863999,241285.016999
"128","Govia Thameslink Railway","TOC-on-TOC","TOC-on-TOC",47454.399999,38416.6,35890.6,45684.034,50261.934,50473.326498,47925.497995,63617.722972
"129","Govia Thameslink Railway","TOC-on-TOC","Fleet",26925,19549.5,18317,23854.673,25854.862,27114.043999,22482.886996,35321.929984
"130","Govia Thameslink Railway","TOC-on-TOC","Operations",5116,4402.5,3896,4514.261,5255.5,6779.466999,3955.330999,4073.451998
"131","Govia Thameslink Railway","TOC-on-TOC","Stations",3256.5,2921.5,2271,3044,3897.5,3796,4325.499,4357.681998
"132","Govia Thameslink Railway","TOC-on-TOC","TOC Other",5998.399999,6070.6,5411.6,8660.6,7805.388,5943.339,8794.931,9396.750997
"133","Govia Thameslink Railway","TOC-on-TOC","Traincrew",6158.5,5472.5,5995,5610.5,7448.684,6840.4765,8366.85,10467.907995
"134","Grand Central","All Delay Minutes","All Delay Minutes",24922,19675,28366,21161,22151.999996,25721.999996,21817.99998,33594.999973
"135","Grand Central","NR-on-TOC","NR-on-TOC",15580.5,12728.5,15996.811,13047,13703.894998,17332.392497,12863.640985,17642.965981
"136","Grand Central","NR-on-TOC","External",5227,3237,2779,2814,3292.285,4819.8,2733.140998,5535.424999
"137","Grand Central","NR-on-TOC","Network Management / Other",3506,2807,5012.311,3370,3173.519999,3102.415497,2704.172994,3040.689986
"138","Grand Central","NR-on-TOC","Non-Track Assets",4712,3930,4959,4394,3791.655999,5473.7075,4411.931996,4889.224998
"139","Grand Central","NR-on-TOC","Severe Weather, Autumn,  & Structures",600.5,1504.5,446.5,365,595.434,372.4695,258.538997,1576.625998
"140","Grand Central","NR-on-TOC","Track",1535,1250,2800,2104,2851,3564,2755.856,2601
"141","Grand Central","TOC-on-Self","TOC-on-Self",4392.5,2700.5,5941,3614.5,2584.5,2296.5,3388.5,6018.36
"142","Grand Central","TOC-on-Self","Fleet",3215,1766.5,4313,2511,1194,1405,1886,3946.36
"143","Grand Central","TOC-on-Self","Operations",311.5,149,101.5,97.5,156,69,58,114.5
"144","Grand Central","TOC-on-Self","Stations",127,134.5,271,377,405,208,314,306.5
"145","Grand Central","TOC-on-Self","TOC Other",263,333,340.5,238,376,341,520,359
"146","Grand Central","TOC-on-Self","Traincrew",476,317.5,915,391,453.5,273.5,610.5,1292
"147","Grand Central","TOC-on-TOC","TOC-on-TOC",4949,4246,6428.189,4499.5,5863.604998,6093.107499,5565.858995,9933.673992
"148","Grand Central","TOC-on-TOC","Fleet",3099,2881,3709.5,2377.5,4200.104998,4005.502499,3311.129999,6057.571996
"149","Grand Central","TOC-on-TOC","Operations",369,233.5,575.689,506,313,345.393,278.700998,811.198999
"150","Grand Central","TOC-on-TOC","Stations",246.5,139.5,236,275,307.5,392.5,462.709999,656.487
"151","Grand Central","TOC-on-TOC","TOC Other",834.5,665.5,1046,877,638.5,745.2,867.317999,1094.205999
"152","Grand Central","TOC-on-TOC","Traincrew",400,326.5,861,464,404.5,604.512,646,1314.209998
"153","Great Western Railway","All Delay Minutes","All Delay Minutes",585556.999995,576126.999992,598416.99999,622298.99999,636781.999967,656667.999942,739208.999887,955075.999821
"154","Great Western Railway","NR-on-TOC","NR-on-TOC",344795.998998,326594.593993,343981.613991,373838.464992,398677.577974,408769.334447,435402.572397,564018.524845
"155","Great Western Railway","NR-on-TOC","External",91221.637,74830.675,68926.408999,74471.448999,63191.745998,69668.643999,77592.47199,79942.322972
"156","Great Western Railway","NR-on-TOC","Network Management / Other",99098.111998,82931.418993,112619.704992,126259.409994,124799.085981,142350.550462,150704.473935,192982.03042
"157","Great Western Railway","NR-on-TOC","Non-Track Assets",124593.75,123375,119446,112365.006,160876.695997,157970.51699,147552.561986,173966.320972
"158","Great Western Railway","NR-on-TOC","Severe Weather, Autumn,  & Structures",12431.5,28262.5,15614.5,34252.599999,16404.035998,16594.386997,24790.945489,56484.662985
"159","Great Western Railway","NR-on-TOC","Track",17451,17195,27375,26490,33406.014,22185.235999,34762.118997,60643.187496
"160","Great Western Railway","TOC-on-Self","TOC-on-Self",183152.679997,194003.49,184195.59,172935.4,172114.651998,173622.025499,225585.269495,304834.677988
"161","Great Western Railway","TOC-on-Self","Fleet",103624.329998,116911.74,107713.25,103380,100504.601999,95852.699999,126169.635998,175001.656495
"162","Great Western Railway","TOC-on-Self","Operations",4561.75,2925.25,3491,2757,3787,2452.518,4634.799999,8518.020998
"163","Great Western Railway","TOC-on-Self","Stations",24741,25679.75,25325,25610.5,24859.399999,25907,31763.404999,30059.755999
"164","Great Western Railway","TOC-on-Self","TOC Other",25638.599999,18902.75,16194,17213.4,19018.9,17437.5,23708.488499,25402.551498
"165","Great Western Railway","TOC-on-Self","Traincrew",24587,29584,31472.34,23974.5,23944.75,31972.3075,39308.94,65852.692998
"166","Great Western Railway","TOC-on-TOC","TOC-on-TOC",57608.321,55528.915999,70239.795999,75525.134998,65989.769995,74276.639996,78221.157995,86222.796988
"167","Great Western Railway","TOC-on-TOC","Fleet",24969.321,24950.846,30659.104999,34160.416999,26522.661999,32940.689998,33194.32,40012.238996
"168","Great Western Railway","TOC-on-TOC","Operations",9906.5,8182.274,10100.824,7049.076,6940.712,7406.019,6702.523997,8503.578997
"169","Great Western Railway","TOC-on-TOC","Stations",2282,2272.71,2658.5,2791.025999,5206.314999,3544.5,4209.140999,4139.748
"170","Great Western Railway","TOC-on-TOC","TOC Other",12885.5,12744.5,16075,19298.365,14159.027999,16559.31,18424.910999,18642.881996
"171","Great Western Railway","TOC-on-TOC","Traincrew",7565,7378.585999,10746.367,12226.251,13161.052998,13826.120998,15690.262,14924.348999
"172","Greater Anglia","All Delay Minutes","All Delay Minutes",366304.999995,294176.999989,283956.999995,362775.999995,377305.999992,395200.999984,371796.499982,432090.999838
"173","Greater Anglia","NR-on-TOC","NR-on-TOC",237756.179998,180775.073995,172541.533997,248107.023995,225678.179755,250750.658489,227301.363984,271126.929872
"174","Greater Anglia","NR-on-TOC","External",66345.5,33015,32058.85,47998.5,37469.589999,55841.343998,61894.203,64066.908976
"175","Greater Anglia","NR-on-TOC","Network Management / Other",60147.779998,48195.873997,45930.695997,70639.211995,57272.062759,45449.249494,54703.46099,53610.398945
"176","Greater Anglia","NR-on-TOC","Non-Track Assets",74202,70662.099999,57618.5,69635.5,62214.817998,72544.924999,59164.782997,69175.434976
"177","Greater Anglia","NR-on-TOC","Severe Weather, Autumn,  & Structures",9796.9,10748.099999,10352.488,20010.8,12709.708999,28849.139998,10834.385999,22627.278983
"178","Greater Anglia","NR-on-TOC","Track",27264,18154,26581,39823.012,56012,48066,40704.530998,61646.907992
"179","Greater Anglia","TOC-on-Self","TOC-on-Self",99142.819997,86958.689996,80333.189998,85685,105115.688237,111343.379998,105977.1,116340.680975
"180","Greater Anglia","TOC-on-Self","Fleet",52397.079999,45369.659999,41397.139999,41148.36,54401.5,57671.75,56704.6,63230.09999
"181","Greater Anglia","TOC-on-Self","Operations",2542.8,2668.519999,1903,2465,3482.5,1640.5,1678.5,4266.075996
"182","Greater Anglia","TOC-on-Self","Stations",11721.119999,10985,10487.1,14233.5,13709.658239,16895.329999,13693.5,14606.783996
"183","Greater Anglia","TOC-on-Self","TOC Other",20491.15,15290.519999,14956.459999,15999.2,19050.459999,18394.799999,19536.5,17719.528997
"184","Greater Anglia","TOC-on-Self","Traincrew",11990.669999,12644.989999,11589.49,11838.94,14471.569999,16741,14364,16518.191996
"185","Greater Anglia","TOC-on-TOC","TOC-on-TOC",29406,26443.235998,31082.276,28983.976,46512.132,33106.961497,38518.035998,44623.388991
"186","Greater Anglia","TOC-on-TOC","Fleet",11139,11376,13703.5,13516,27485.132,14338.065498,17929.113999,14894.350994
"187","Greater Anglia","TOC-on-TOC","Operations",6033.5,4339.235998,3785.276,3663.976,3723.5,3156.376,5159.576,7574.271999
"188","Greater Anglia","TOC-on-TOC","Stations",626,1006,1650.5,1206,1671.5,2030.386,1978,3143.745
"189","Greater Anglia","TOC-on-TOC","TOC Other",9073,6404.5,7474.5,5940.5,7930,8690.1,8312.622,8247.947999
"190","Greater Anglia","TOC-on-TOC","Traincrew",2534.5,3317.5,4468.5,4657.5,5702,4892.033999,5138.723999,10763.072999
"191","Heathrow Express","All Delay Minutes","All Delay Minutes",17132,15046,15880,15912,22954.999998,23307.999997,22057.999988,24774.999991
"192","Heathrow Express","NR-on-TOC","NR-on-TOC",10781.5,10028,10012,10472,16912.374998,16818.267997,14254.79299,16534.574992
"193","Heathrow Express","NR-on-TOC","External",2010.5,1873,1384.5,2087,1353.069,1681,1795.571,1396.013
"194","Heathrow Express","NR-on-TOC","Network Management / Other",2895,2772,3034.5,3527.5,4906.697999,5953.237498,6591.669993,5364.412992
"195","Heathrow Express","NR-on-TOC","Non-Track Assets",5202.5,4512,5097.5,4168,9344.571999,8370.876499,4553.854997,7222.533
"196","Heathrow Express","NR-on-TOC","Severe Weather, Autumn,  & Structures",266.5,312,102.5,193.5,569.018,469.154,379.697,598.616
"197","Heathrow Express","NR-on-TOC","Track",407,559,393,496,739.018,344,934,1953
"198","Heathrow Express","TOC-on-Self","TOC-on-Self",2602,1420.5,1899.5,1508,1574.5,2464,2613,2677.5
"199","Heathrow Express","TOC-on-Self","Fleet",1296,664,1294,979,963,1869,1440,1942.5
"200","Heathrow Express","TOC-on-Self","Operations",944,449.5,134,116,81.5,106,150,118
"201","Heathrow Express","TOC-on-Self","Stations",8,19,37,42,64,167,245,103
"202","Heathrow Express","TOC-on-Self","TOC Other",142,211,283,251,356,147,342,143
"203","Heathrow Express","TOC-on-Self","Traincrew",212,77,151.5,120,110,175,436,371
"204","Heathrow Express","TOC-on-TOC","TOC-on-TOC",3748.5,3597.5,3968.5,3932,4468.125,4025.732,5190.206998,5562.924999
"205","Heathrow Express","TOC-on-TOC","Fleet",2198.5,1998.5,2202.5,2427.5,2285.125,2170.974,2943.219999,3103.334999
"206","Heathrow Express","TOC-on-TOC","Operations",177,143,359,177.5,329.5,197,255.986999,245.651
"207","Heathrow Express","TOC-on-TOC","Stations",211.5,235.5,127.5,143,271.5,215.5,318.5,219.32
"208","Heathrow Express","TOC-on-TOC","TOC Other",738,482.5,532,613.5,914.5,696.5,709.5,696.259
"209","Heathrow Express","TOC-on-TOC","Traincrew",423.5,738,747.5,570.5,667.5,745.758,963,1298.36
"210","Hull Trains","All Delay Minutes","All Delay Minutes",14652,12537,15646,11836,11482.999998,15524.999996,12393.999998,15902.999982
"211","Hull Trains","NR-on-TOC","NR-on-TOC",9136.5,7235.5,10765.858,8150.5,7845.127998,11393.549998,8069.737998,9625.435986
"212","Hull Trains","NR-on-TOC","External",2025,1777,1836,2315,1968,3744.088,1645.0295,2980.279996
"213","Hull Trains","NR-on-TOC","Network Management / Other",1881.5,1470,2645.858,1743.5,1640.091999,1638.017998,1245.329499,1703.589995
"214","Hull Trains","NR-on-TOC","Non-Track Assets",3344,2461,3836,2363,1814.535999,3340.874,3224.878999,2248.404995
"215","Hull Trains","NR-on-TOC","Severe Weather, Autumn,  & Structures",631,600.5,535,350,547.5,574.57,227.5,659.161
"216","Hull Trains","NR-on-TOC","Track",1255,927,1913,1379,1875,2096,1727,2034
"217","Hull Trains","TOC-on-Self","TOC-on-Self",2937.5,2690,2098,1638.5,788.5,1224.5,1994.5,2617.278998
"218","Hull Trains","TOC-on-Self","Fleet",2118,1854,1457,860,341,713,1306.5,1766
"219","Hull Trains","TOC-on-Self","Operations",263,275,251.5,219,177,170,197.5,466.278998
"220","Hull Trains","TOC-on-Self","Stations",56.5,14,71,57,62.5,50,86.5,111
"221","Hull Trains","TOC-on-Self","TOC Other",297,156,94,234,105,122,269,202
"222","Hull Trains","TOC-on-Self","Traincrew",203,391,224.5,268.5,103,169.5,135,72
"223","Hull Trains","TOC-on-TOC","TOC-on-TOC",2578,2611.5,2782.142,2047,2849.372,2906.949998,2329.762,3660.284998
"224","Hull Trains","TOC-on-TOC","Fleet",1872.5,1801,1793.5,1262,2193.372,2195.361998,1469.762,2074.897998
"225","Hull Trains","TOC-on-TOC","Operations",134,124.5,126.642,175.5,67.5,60.58,70,361.27
"226","Hull Trains","TOC-on-TOC","Stations",64.5,93,110,92,55,130,113,201.5
"227","Hull Trains","TOC-on-TOC","TOC Other",325,457,432,328,332.5,256.5,403,385.164
"228","Hull Trains","TOC-on-TOC","Traincrew",182,136,320,189.5,201,264.508,274,637.453
"229","London North Eastern Railway","All Delay Minutes","All Delay Minutes",123124.999998,98694.999997,95275.999998,97873.999993,124220.999951,128421.999908,167834.49991,247114.999881
"230","London North Eastern Railway","NR-on-TOC","NR-on-TOC",78024.949999,55782.669998,56444.959999,58929.792993,65036.341461,75504.320425,101296.002933,144332.21691
"231","London North Eastern Railway","NR-on-TOC","External",15991,9472,11425,11954.116,10935.028998,11161.198492,25279.547491,39764.842993
"232","London North Eastern Railway","NR-on-TOC","Network Management / Other",19310.249999,17780.169998,18882.76,20811.367996,22392.820979,34322.125958,20283.246964,23804.408945
"233","London North Eastern Railway","NR-on-TOC","Non-Track Assets",30803.5,19710.5,18202.5,17857.079998,21780.474989,18376.853985,39222.295988,41431.44498
"234","London North Eastern Railway","NR-on-TOC","Severe Weather, Autumn,  & Structures",4030.2,4004,1458.199999,1891.228999,3491.579495,4475.703995,2753.348992,18508.291993
"235","London North Eastern Railway","NR-on-TOC","Track",7890,4816,6476.5,6416,6436.437,7168.437995,13757.563498,20823.227999
"236","London North Eastern Railway","TOC-on-Self","TOC-on-Self",26612.789999,22747,20286,19010,32282.5,22278.7,44489.230999,59522
"237","London North Eastern Railway","TOC-on-Self","Fleet",12649.5,8205.5,8058.5,7577,15741,10566,30451.827,40490
"238","London North Eastern Railway","TOC-on-Self","Operations",656.289999,687,397,523,1007.5,343,373.403999,1093
"239","London North Eastern Railway","TOC-on-Self","Stations",2020,3253.5,3443.5,4357,6650,3523.5,5028.5,6072.5
"240","London North Eastern Railway","TOC-on-Self","TOC Other",5584.5,6300.5,3936.5,3178,4255.5,3884,4881.5,7885.5
"241","London North Eastern Railway","TOC-on-Self","Traincrew",5702.5,4300.5,4450.5,3375,4628.5,3962.2,3754,3981
"242","London North Eastern Railway","TOC-on-TOC","TOC-on-TOC",18487.26,20165.329999,18545.039999,19934.207,26902.15849,30638.979483,22049.265978,43260.782971
"243","London North Eastern Railway","TOC-on-TOC","Fleet",8871,8625.5,7917,6986.5,10542.033995,10693.557994,12285.120992,24056.269988
"244","London North Eastern Railway","TOC-on-TOC","Operations",2729.5,3474.1,2207.5,2486.827,3651.035999,3015.336998,1981.869992,4959.97199
"245","London North Eastern Railway","TOC-on-TOC","Stations",1157.5,1235,920,2434,2397.563998,2606.343999,1188.716998,1860
"246","London North Eastern Railway","TOC-on-TOC","TOC Other",2956.8,4036.519999,4475.799999,4274,4105.132499,4515.175496,3561.145999,4876.984997
"247","London North Eastern Railway","TOC-on-TOC","Traincrew",2772.46,2794.21,3024.74,3752.88,6206.391999,9808.564996,3032.411997,7507.555996
"248","London Overground","All Delay Minutes","All Delay Minutes",37593.999998,41461.999998,41630.999999,52926.999993,52551.999992,52998.999993,123031.99998,160072.999775
"249","London Overground","NR-on-TOC","NR-on-TOC",22731.549999,24816.349999,22312.7,29883.799999,30782.330997,31150.899996,76244.013984,88205.502316
"250","London Overground","NR-on-TOC","External",4629,3488,3775,6277,5369,5299,12461.509,14081.171968
"251","London Overground","NR-on-TOC","Network Management / Other",5095.549999,10208.699999,9593.2,12454.299999,14461.830997,18316.899996,30015.104989,27324.588922
"252","London Overground","NR-on-TOC","Non-Track Assets",9892,8025,7351,9584,9546,6184,16463.470996,25924.498958
"253","London Overground","NR-on-TOC","Severe Weather, Autumn,  & Structures",1958,2361.65,1014.5,699.5,311.5,386,2732.888999,6924.617479
"254","London Overground","NR-on-TOC","Track",1157,733,579,869,1094,965,14571.04,13950.624989
"255","London Overground","TOC-on-Self","TOC-on-Self",14430.949999,16374.649999,18702.299999,21890.699994,19825.719996,20066.099997,21686.5,44117.232476
"256","London Overground","TOC-on-Self","Fleet",5451.949999,5984.5,5718.549999,3907.649999,4569.799999,6172.75,8796.5,15012.403995
"257","London Overground","TOC-on-Self","Operations",343,373,164.75,4133.699997,2776.419997,3689.999997,590,2855.770498
"258","London Overground","TOC-on-Self","Stations",3384,4149,2034,3818.6,4093,1744,4087,11986.815994
"259","London Overground","TOC-on-Self","TOC Other",3886.5,3703.85,5092,5001.1,4058.5,4104,4031.5,5601.139997
"260","London Overground","TOC-on-Self","Traincrew",1365.5,2164.299999,5693,5029.649998,4328,4355.35,4181.5,8661.101992
"261","London Overground","TOC-on-TOC","TOC-on-TOC",431.5,271,616,1152.5,1943.948999,1782,25101.485996,27750.264983
"262","London Overground","TOC-on-TOC","Fleet",252,118,293,416.5,710.448999,712.5,10718.350999,10236.995996
"263","London Overground","TOC-on-TOC","Operations",29.5,6,69,136.5,239,63,2512.809999,3559.572998
"264","London Overground","TOC-on-TOC","Stations",75.5,28,82,352,566,655,2091.572,2591.119997
"265","London Overground","TOC-on-TOC","TOC Other",62.5,61,48,75,182,137,4824.584999,5162.632996
"266","London Overground","TOC-on-TOC","Traincrew",12,58,124,172.5,246.5,214.5,4954.167999,6199.942996
"267","Merseyrail","All Delay Minutes","All Delay Minutes",741105.999989,714480.999973,740012.999972,752754.999989,760110.499985,701205.999959,62495.999989,59867.999985
"268","Merseyrail","NR-on-TOC","NR-on-TOC",415153.506995,390329.184988,389067.414982,369084.201992,398897.604985,370004.312464,35951.392993,32450.060991
"269","Merseyrail","NR-on-TOC","External",125364.3,67837.862,84087.138,81570.5,95960.433,82356.040996,4193.741,7016.447999
"270","Merseyrail","NR-on-TOC","Network Management / Other",114221.726995,104920.322988,106019.276982,110336.701992,117856.767988,99251.978478,18943.353995,12859.767995
"271","Merseyrail","NR-on-TOC","Non-Track Assets",102196,112412.5,127844.5,118457,115705.875997,121014.984495,11372.569999,9497.5
"272","Merseyrail","NR-on-TOC","Severe Weather, Autumn,  & Structures",22571.48,66208.5,27000.5,19371,17688.528,26849.308495,553.727999,2098.344997
"273","Merseyrail","NR-on-TOC","Track",50800,38950,44116,39349,51686,40532,888,978
"274","Merseyrail","TOC-on-Self","TOC-on-Self",255490.189995,261728.219987,256642.449997,282482.569997,270813.985,245768.234999,25133.199998,26454.439997
"275","Merseyrail","TOC-on-Self","Fleet",142669.169998,155546.319994,136099.849997,125961.069997,133312.485,113799.899999,4733,5773.5
"276","Merseyrail","TOC-on-Self","Operations",17845.75,16508.559998,23355.75,31279,25729.5,18367.5,4584.349999,5032.439997
"277","Merseyrail","TOC-on-Self","Stations",35078.8,33936.759998,38276.5,49255,46739.5,45102,3988.849999,2266
"278","Merseyrail","TOC-on-Self","TOC Other",26271.419998,22251.89,18778.35,23143.5,24209.5,29655.085,4620,5841
"279","Merseyrail","TOC-on-Self","Traincrew",33625.049999,33484.689997,40132,52844,40823,38843.75,7207,7541.5
"280","Merseyrail","TOC-on-TOC","TOC-on-TOC",70462.302999,62423.594998,94303.134993,101188.228,90398.91,85433.452496,1411.406998,963.498997
"281","Merseyrail","TOC-on-TOC","Fleet",38279.492999,31734.255,43701.600998,54578.08,46059.625,42924.005498,556.811,375.88
"282","Merseyrail","TOC-on-TOC","Operations",7836,6694.146999,12052.141996,10783.648,8121.285,7668.114,144.381998,121.855999
"283","Merseyrail","TOC-on-TOC","Stations",3050,2945.138,4769.312,6652,8282.5,8727.145999,322.807,205.697998
"284","Merseyrail","TOC-on-TOC","TOC Other",13989.5,13741.199999,18644.5,16240,14879.5,14112.868,163.767,95.754
"285","Merseyrail","TOC-on-TOC","Traincrew",7307.31,7308.855,15135.579999,12934.5,13056,12001.318999,223.64,164.311
"286","Northern","All Delay Minutes","All Delay Minutes",425200.31,318267,415192.999995,416749.999995,367038.999994,484415.99991,749360.99989,1350463.99968
"287","Northern","NR-on-TOC","NR-on-TOC",237000.31,173570,221833.813996,209038.781995,187359.497996,254032.889417,389682.080911,645488.036255
"288","Northern","NR-on-TOC","External",36539.5,22594,36274,32720,35233.66,42407.910488,103452.086992,148217.956459
"289","Northern","NR-on-TOC","Network Management / Other",67030.5,49080,64427.804997,67958.893997,68059.244998,86788.534961,108967.125953,189737.305403
"290","Northern","NR-on-TOC","Non-Track Assets",73052,55197.5,86452.508999,77719.387999,60076.986,85440.157979,111477.015479,172543.178438
"291","Northern","NR-on-TOC","Severe Weather, Autumn,  & Structures",37173,33360.5,13679.5,12307.499999,7211.606998,16098.441994,20352.206491,61940.089966
"292","Northern","NR-on-TOC","Track",23205.31,13338,21000,18333,16778,23297.843995,45433.645996,73049.505989
"293","Northern","TOC-on-Self","TOC-on-Self",153889.5,114537.5,150326,166607,141313.5,190455.381494,268506.041488,540272.158459
"294","Northern","TOC-on-Self","Fleet",71548,54850.5,69238,60946.5,50294.5,62028.602498,117717.563996,200805.627991
"295","Northern","TOC-on-Self","Operations",25963,22186.5,25452,25447,28175.5,49816.436,24166.999997,121936.895487
"296","Northern","TOC-on-Self","Stations",13131.5,10756.5,12375,38070,16623,22981.357999,46200.0775,60953.575993
"297","Northern","TOC-on-Self","TOC Other",19665,13638.5,20438.5,18044,17490.5,22113.853,38586.659999,37757.063993
"298","Northern","TOC-on-Self","Traincrew",23582,13105.5,22822.5,24099.5,28730,33515.131997,41834.739996,118818.994995
"299","Northern","TOC-on-TOC","TOC-on-TOC",34310.5,30159.5,43033.185999,41104.218,38366.001998,39927.728999,91172.877491,164703.804966
"300","Northern","TOC-on-TOC","Fleet",13976.5,13178.5,18227.182999,18666.068,19725.497999,20609.867,46150.431498,87189.682986
"301","Northern","TOC-on-TOC","Operations",6683,5009.5,7519.503,4311.15,4854.5,3708.908,6832.270999,10473.880993
"302","Northern","TOC-on-TOC","Stations",2151,1546.5,2401.5,3192,3051.5,3176,8572.563998,12402.789999
"303","Northern","TOC-on-TOC","TOC Other",8351,8208.5,11064,10219.5,5906.706,7104.5,16060.778999,24523.969991
"304","Northern","TOC-on-TOC","Traincrew",3149,2216.5,3821,4715.5,4827.797999,5328.453999,13556.831997,30113.480997
"305","ScotRail","All Delay Minutes","All Delay Minutes",374146.999991,368899.999999,351421,418757.999999,445003.999988,582283.999949,424331.999851,569054.99984
"306","ScotRail","NR-on-TOC","NR-on-TOC",247788.789997,249669.477,238031.5,291363.736,298308.214988,410814.56146,225156.923384,361653.379373
"307","ScotRail","NR-on-TOC","External",86192.8,61147.49,58492,67037,76415.508,94145.128997,43485.104978,44531.008986
"308","ScotRail","NR-on-TOC","Network Management / Other",51374.989997,38519.506,55607.5,81945.712,107467.677992,106605.702472,82787.018945,133807.91993
"309","ScotRail","NR-on-TOC","Non-Track Assets",79721,93336.75,63167,82371.024,78128.384996,137723.699992,73593.725481,96071.634468
"310","ScotRail","NR-on-TOC","Severe Weather, Autumn,  & Structures",5222,23644.731,2552,23318,5396.632,34486.49,10358.350982,57431.856994
"311","ScotRail","NR-on-TOC","Track",25278,33021,58213,36692,30900.012,37853.539999,14932.722998,29810.958995
"312","ScotRail","TOC-on-Self","TOC-on-Self",109806.209994,93996,93561.5,107976,120945.5,143866.672,161666.895972,153513.540485
"313","ScotRail","TOC-on-Self","Fleet",32093.949997,28022.25,28537.5,35807,38217,49567,49087.675994,55094.287996
"314","ScotRail","TOC-on-Self","Operations",578.5,5802.25,2841.5,9214,6999,2491,40383.323994,30873.717995
"315","ScotRail","TOC-on-Self","Stations",16105.25,16556,15569,12374,14091,15378.5,20341.835994,15888.75
"316","ScotRail","TOC-on-Self","TOC Other",38990.289998,25647.5,24839,22689,28338,41202.172,25797.815997,22979.366498
"317","ScotRail","TOC-on-Self","Traincrew",22038.219999,17968,21774.5,27892,33300.5,35228,26056.243993,28677.417996
"318","ScotRail","TOC-on-TOC","TOC-on-TOC",16552,25234.522999,19828,19418.263999,25750.285,27602.766489,37508.180495,53888.079982
"319","ScotRail","TOC-on-TOC","Fleet",6759.5,14117.5,7854,9399.5,11981.923,11733.004496,15561.444997,27954.246992
"320","ScotRail","TOC-on-TOC","Operations",3793,3656.778999,2417.5,2095.848,3208.616,2875.646999,3336.7925,4949.676996
"321","ScotRail","TOC-on-TOC","Stations",1199,1663.5,1460.5,1543,1748.651,1883.371,3984.96,5079.232996
"322","ScotRail","TOC-on-TOC","TOC Other",3240.5,2786.5,3496.5,3482.5,3226.191,3654.544999,6332.325,8069.793999
"323","ScotRail","TOC-on-TOC","Traincrew",1560,3010.244,4599.5,2897.415999,5584.904,7456.198995,8292.657998,7835.128999
"324","South Western Railway","All Delay Minutes","All Delay Minutes",351620.999994,352486.999998,338666.999991,478317.999992,504714.999975,596808.999925,735334.999959,763837.499924
"325","South Western Railway","NR-on-TOC","NR-on-TOC",181152.627997,217471.023999,201620.979997,305285.438993,312731.094479,427415.353443,534686.483962,539882.366436
"326","South Western Railway","NR-on-TOC","External",40482,39859.5,45344.879999,50991.243,65552.239997,69574.744997,98058.694998,121103.789992
"327","South Western Railway","NR-on-TOC","Network Management / Other",56062.467998,48879.523999,56601.589998,87449.061994,93999.082486,146623.819961,186939.88698,140737.380463
"328","South Western Railway","NR-on-TOC","Non-Track Assets",69836.159999,84654,67588,90493.082999,115882.268999,155023.910493,173021.609987,124734.401989
"329","South Western Railway","NR-on-TOC","Severe Weather, Autumn,  & Structures",6035,22752,9970.51,21893.051,16199.474999,38850.785996,10017.273997,27886.588994
"330","South Western Railway","NR-on-TOC","Track",8737,21326,22116,54459,21098.027998,17342.091996,66649.018,125420.204998
"331","South Western Railway","TOC-on-Self","TOC-on-Self",152418.871997,116080.009999,115226.519994,145658.449999,162385.158498,147697.5,168216.117998,193321.188495
"332","South Western Railway","TOC-on-Self","Fleet",70403.891999,49788.979999,50469.36,60154.69,57452.469999,61684.5,57487,79091.408998
"333","South Western Railway","TOC-on-Self","Operations",23139.76,14478.53,14190.559997,17973.47,26966.66,19033,14357.717998,6052.735999
"334","South Western Railway","TOC-on-Self","Stations",10301,9039.5,9030.419999,9281.98,13238.48,9528.5,18000.5,18216.136
"335","South Western Railway","TOC-on-Self","TOC Other",26758.72,25968.5,24518.609999,34231.699999,33355.9285,30190.5,39783,42717.867499
"336","South Western Railway","TOC-on-Self","Traincrew",21815.499998,16804.5,17017.569999,24016.61,31371.619999,27261,38587.9,47243.039999
"337","South Western Railway","TOC-on-TOC","TOC-on-TOC",18049.5,18935.966,21819.5,27374.111,29598.746998,21696.146482,32432.397999,30633.944993
"338","South Western Railway","TOC-on-TOC","Fleet",7596.5,7782.5,11987.5,9537,12550.932999,10444.158493,14554.529,14519.259998
"339","South Western Railway","TOC-on-TOC","Operations",3271.5,3674.466,2293,4192.753,5300,2585.999994,3065.434,2352.509997
"340","South Western Railway","TOC-on-TOC","Stations",820,780.5,1102.5,1974.5,1276.5,686.747998,2076.601,2252.002
"341","South Western Railway","TOC-on-TOC","TOC Other",4015,2474.5,4397.5,4818.813,4617.368999,3379.451999,6871.672,4459.206999
"342","South Western Railway","TOC-on-TOC","Traincrew",2346.5,4224,2039,6851.045,5853.945,4599.787998,5864.161999,7050.965999
"343","Southeastern","All Delay Minutes","All Delay Minutes",40675.999998,28011.999996,22386.999998,39249,35405.999999,31514,462438.999984,595324.99395
"344","Southeastern","NR-on-TOC","NR-on-TOC",24140.769999,13669.369997,11144.71,24122.71,18941.069999,20131.902,321355.880986,410095.310959
"345","Southeastern","NR-on-TOC","External",6886,3403.089999,1094.5,5347,2057.5,4766.5,68279.682998,88217.239997
"346","Southeastern","NR-on-TOC","Network Management / Other",5965.069999,3248.979999,3821.81,6444.01,7481.569999,6458.402,108591.310991,128964.606975
"347","Southeastern","NR-on-TOC","Non-Track Assets",7299,4274.199999,4291,5949,5127,3574,86515.07,114421.247995
"348","Southeastern","NR-on-TOC","Severe Weather, Autumn,  & Structures",673.7,450.1,120.4,2246.7,492,3331,18900.881998,41651.822996
"349","Southeastern","NR-on-TOC","Track",3317,2293,1817,4136,3783,2002,39068.934999,36840.392996
"350","Southeastern","TOC-on-Self","TOC-on-Self",9100,8720.5,6037,8523.5,10214.5,7098.6,126599,161877.798995
"351","Southeastern","TOC-on-Self","Fleet",4838,4472,3117.5,3801,3666,2097.1,50316.5,72613.407997
"352","Southeastern","TOC-on-Self","Operations",77.5,76,50,265,1004,391,18308.5,15613.209999
"353","Southeastern","TOC-on-Self","Stations",946,1778,1002,1563,1821.5,1492.5,7545.5,11132.075
"354","Southeastern","TOC-on-Self","TOC Other",2339.5,1531,1296.5,1756.5,2756.5,2107,29641.5,33787
"355","Southeastern","TOC-on-Self","Traincrew",899,863.5,571,1138,966.5,1011,20787,28732.105999
"356","Southeastern","TOC-on-TOC","TOC-on-TOC",7435.229999,5622.129999,5205.289998,6602.79,6250.43,4283.498,14484.118998,23351.883996
"357","Southeastern","TOC-on-TOC","Fleet",2825.88,2612.54,2303.519999,3106,3092,2102,5425.052999,5323.573999
"358","Southeastern","TOC-on-TOC","Operations",565.8,423.799999,264.5,247,385,277.998,1647.675999,3114.583998
"359","Southeastern","TOC-on-TOC","Stations",601,516.5,467.5,1147,469.5,352,446.625,632.62
"360","Southeastern","TOC-on-TOC","TOC Other",1956.719999,1115.81,1138.989999,858.8,1312,718,4006.762,3866.181999
"361","Southeastern","TOC-on-TOC","Traincrew",1485.83,953.48,1030.78,1243.99,991.93,833.5,2958.003,10414.924
"362","TfL Rail","All Delay Minutes","All Delay Minutes",166680.049994,164611.999994,178472.999991,239734.999995,224864.999993,208450.999984,34355.999996,51562.999955
"363","TfL Rail","NR-on-TOC","NR-on-TOC",107005.221996,109824.860994,107079.755993,137087.971996,132609.246993,124602.261486,19421.195997,29030.193962
"364","TfL Rail","NR-on-TOC","External",30055,18878,21206.5,29873.5,35626.589,25810.948997,4459.5,6101.397996
"365","TfL Rail","NR-on-TOC","Network Management / Other",29596.671997,28576.860994,29027.255993,39951.971996,34133.390996,33242.082492,7169.567998,9647.737476
"366","TfL Rail","NR-on-TOC","Non-Track Assets",27042.5,34280.5,33457.5,43067,38898.948998,39118.862997,4841.627999,8134.312992
"367","TfL Rail","NR-on-TOC","Severe Weather, Autumn,  & Structures",6793,16638.5,7357.5,8321.5,5489.296999,10379.367,572.5,1906.745498
"368","TfL Rail","NR-on-TOC","Track",13518.049999,11451,16031,15874,18461.021,16051,2378,3240
"369","TfL Rail","TOC-on-Self","TOC-on-Self",17247.409998,14098.68,23849.229999,43228.75,33546,30828.525,9813.5,12744.5
"370","TfL Rail","TOC-on-Self","Fleet",8880.529999,7071.43,9329.32,26566.25,17155,15597.275,4738.5,6359.5
"371","TfL Rail","TOC-on-Self","Operations",1068,862.25,1439.5,1816.5,1834,1655,436,612
"372","TfL Rail","TOC-on-Self","Stations",1486,1342.5,1750.099999,3107.5,3235,2828.5,1346,1751.5
"373","TfL Rail","TOC-on-Self","TOC Other",2718.099999,2546.6,2385.5,3935.5,4549.5,3881,1714.5,2323.5
"374","TfL Rail","TOC-on-Self","Traincrew",3094.78,2275.9,8944.81,7803,6772.5,6866.75,1578.5,1698
"375","TfL Rail","TOC-on-TOC","TOC-on-TOC",42427.418,40688.459,47544.013999,59418.277999,58709.753,53020.213498,5121.303999,9788.305993
"376","TfL Rail","TOC-on-TOC","Fleet",25439.918,25511.253,26731.568,31353.483,31685.159,26748.643498,3093.371999,4999.215993
"377","TfL Rail","TOC-on-TOC","Operations",3551,2797.706,3732.945999,5746.294999,5403.14,4287.22,396.61,746.351
"378","TfL Rail","TOC-on-TOC","Stations",2628.5,2937.5,3061.5,5719.5,7082.5,7447.182,207.5,424.896
"379","TfL Rail","TOC-on-TOC","TOC Other",6020,4996.5,7472,7395,6897.454,8090.696,687.322,1629.454
"380","TfL Rail","TOC-on-TOC","Traincrew",4788,4445.5,6546,9204,7641.5,6446.472,736.5,1988.389
"381","TransPennine Express","All Delay Minutes","All Delay Minutes",198649.409999,164468.999998,178647.999993,132497.999997,150731.999991,196388.999959,217560.999908,421880.999773
"382","TransPennine Express","NR-on-TOC","NR-on-TOC",129615.573999,108243.941998,120759.144996,85295.518998,95094.418993,130974.065469,124214.165925,232880.570813
"383","TransPennine Express","NR-on-TOC","External",34390,20537.5,24075,21126.5,25808.434999,44534.471496,33646.540491,53998.072479
"384","TransPennine Express","NR-on-TOC","Network Management / Other",28965.663999,24352.941998,29230.086996,19822.018998,18249.007994,20512.854982,33482.658464,68435.559417
"385","TransPennine Express","NR-on-TOC","Non-Track Assets",39480.5,33995,43014.5,29273.5,26171.673,38843.654494,35315.13598,62277.811945
"386","TransPennine Express","NR-on-TOC","Severe Weather, Autumn,  & Structures",12168,19845.5,6554.558,2514.5,5283.303,5034.762498,5830.381493,19856.372985
"387","TransPennine Express","NR-on-TOC","Track",14611.41,9513,17885,12559,19582,22048.321999,15939.449497,28312.753987
"388","TransPennine Express","TOC-on-Self","TOC-on-Self",40876.3,31821.2,33275.529997,26453.599999,37532.463999,44765.867499,35002.638,71018.152991
"389","TransPennine Express","TOC-on-Self","Fleet",29856.8,22647.2,23743.629999,17323,28123.963999,33929.1885,17002.5,27227.433995
"390","TransPennine Express","TOC-on-Self","Operations",493,204,155,148,235.5,313.5,2052.5,4076.82
"391","TransPennine Express","TOC-on-Self","Stations",2929.5,2328,2128,2424.5,2643,3059.5,3712,7381.689
"392","TransPennine Express","TOC-on-Self","TOC Other",4580.5,3940.5,4475,4437,4793,4617.282,5434.5,7233.901999
"393","TransPennine Express","TOC-on-Self","Traincrew",3016.5,2701.5,2773.899998,2121.099999,1737,2846.396999,6801.138,25098.307997
"394","TransPennine Express","TOC-on-TOC","TOC-on-TOC",28157.536,24403.858,24613.325,20748.881,18105.116999,20649.066991,58344.195983,117982.275969
"395","TransPennine Express","TOC-on-TOC","Fleet",17467.036,14608.67,13199.147,10435.479,10521.465999,11679.739997,28941.422991,54040.45599
"396","TransPennine Express","TOC-on-TOC","Operations",2918.5,1945.688,2343.678,2824.402,1494.5,1450.058998,5200.603997,21511.310993
"397","TransPennine Express","TOC-on-TOC","Stations",807,672.5,1048.5,1151,1350.096,1112.963999,6877.907999,8935.959997
"398","TransPennine Express","TOC-on-TOC","TOC Other",4472.5,4265.5,4857.5,3539.5,2237,2969,9264.310998,12144.846994
"399","TransPennine Express","TOC-on-TOC","Traincrew",2492.5,2911.5,3164.5,2798.5,2502.055,3437.303997,8059.949998,21349.701995
"400","Virgin Trains West Coast","All Delay Minutes","All Delay Minutes",313178.379998,304456.999994,315350.999998,316356.999994,298333.99999,263149.999975,274584.499922,361506.999848
"401","Virgin Trains West Coast","NR-on-TOC","NR-on-TOC",224987.819999,215160.977998,221274.795998,220664.049995,197741.297992,181874.791478,187391.720446,255457.044382
"402","Virgin Trains West Coast","NR-on-TOC","External",58197.5,35727.5,45448.5,41865.5,43760.71,30738.219998,63938.491995,64789.747978
"403","Virgin Trains West Coast","NR-on-TOC","Network Management / Other",38141.439999,45667.977998,42168.795998,56624.809995,45942.165993,42680.143986,33109.161468,60239.938944
"404","Virgin Trains West Coast","NR-on-TOC","Non-Track Assets",70448,76256,90688.5,85818.74,71206.319999,66909.212997,60065.485485,67484.403473
"405","Virgin Trains West Coast","NR-on-TOC","Severe Weather, Autumn,  & Structures",14509.5,26606.5,10114,7304,4680.102,20323.199498,7751.473498,27994.953987
"406","Virgin Trains West Coast","NR-on-TOC","Track",43691.38,30903,32855,29051,32152,21224.014999,22527.108,34948
"407","Virgin Trains West Coast","TOC-on-Self","TOC-on-Self",45152.899999,55510.449997,46519.5,49161.67,49789.5,40760.84,46892.976,53040.803997
"408","Virgin Trains West Coast","TOC-on-Self","Fleet",27711.5,34780.649999,28093.5,30359.63,29150,25345.34,21085,32123.944998
"409","Virgin Trains West Coast","TOC-on-Self","Operations",1997,3396.149999,1896,2070.5,1817.5,676,1174,1318.166
"410","Virgin Trains West Coast","TOC-on-Self","Stations",2122.5,3051.849999,2294.5,3397,2736,2959.5,2626.5,3283.5
"411","Virgin Trains West Coast","TOC-on-Self","TOC Other",7480.899999,7807.5,9507,8629.94,10147.5,8168.5,12849.976,10450.404999
"412","Virgin Trains West Coast","TOC-on-Self","Traincrew",5841,6474.3,4728.5,4704.6,5938.5,3611.5,9157.5,5864.788
"413","Virgin Trains West Coast","TOC-on-TOC","TOC-on-TOC",43037.66,33785.571999,47556.704,46531.279999,50803.201998,40514.368497,40299.803476,53009.151469
"414","Virgin Trains West Coast","TOC-on-TOC","Fleet",22427.66,17269.8,23509.5,23637.96,24895.951998,20114.28,18016.927492,23890.538987
"415","Virgin Trains West Coast","TOC-on-TOC","Operations",4796,3277.271999,5997.704,5968.319999,5165.054,3537.994,2960.89399,4860.633995
"416","Virgin Trains West Coast","TOC-on-TOC","Stations",1367.5,2015.5,2198.5,2810,3335.168,2838,2838.027499,3908.351998
"417","Virgin Trains West Coast","TOC-on-TOC","TOC Other",10404,5799.5,7178.5,6719,6602.972,6850.961998,8743.093497,9152.113495
"418","Virgin Trains West Coast","TOC-on-TOC","Traincrew",4042.5,5423.5,8672.5,7396,10804.056,7173.132499,7740.860998,11197.512994
"419","West Midlands Trains","All Delay Minutes","All Delay Minutes",311690.999997,363543.999999,402671.999987,366618.999995,407195.999988,351200.999966,342319.99995,450980.999831
"420","West Midlands Trains","NR-on-TOC","NR-on-TOC",194181.151998,221975.185999,245313.285989,202280.213995,224264.60899,199346.550473,188867.319958,278654.09887
"421","West Midlands Trains","NR-on-TOC","External",49838.5,40574,54418,42174,48959.345,40578.709997,47317.332997,65023.104986
"422","West Midlands Trains","NR-on-TOC","Network Management / Other",45631.651998,57956.685999,68303.08599,63552.474996,53076.120993,58883.705987,50894.219475,73710.850429
"423","West Midlands Trains","NR-on-TOC","Non-Track Assets",60719,76664,85408.5,70520.038999,91413.946997,63696.976494,67107.53199,81836.660469
"424","West Midlands Trains","NR-on-TOC","Severe Weather, Autumn,  & Structures",10592,22301.5,16381.699999,7165.7,5894.196,16249.920996,9052.088498,23522.561987
"425","West Midlands Trains","NR-on-TOC","Track",27400,24479,20802,18868,24921,19937.236999,14496.146998,34560.920999
"426","West Midlands Trains","TOC-on-Self","TOC-on-Self",64285.5,77165.4,86671.099999,96435,114017.1,100612.787996,96966.5,104520.039993
"427","West Midlands Trains","TOC-on-Self","Fleet",24976,25729.9,26623.5,30635,31230,33028.287996,24364,27085.237997
"428","West Midlands Trains","TOC-on-Self","Operations",2114,2026,3175.5,6314,1620,1501.5,742,1051.094
"429","West Midlands Trains","TOC-on-Self","Stations",4719.5,6087,9043,9168.5,13308,14956,15291.5,13215.703998
"430","West Midlands Trains","TOC-on-Self","TOC Other",13876.5,14646,15736.899999,19902.5,18855.1,18779.5,25439.5,26649.667
"431","West Midlands Trains","TOC-on-Self","Traincrew",18599.5,28676.5,32092.2,30415,49004,32347.5,31129.5,36518.336998
"432","West Midlands Trains","TOC-on-TOC","TOC-on-TOC",53224.347999,64403.414,70687.613999,67903.786,68914.290998,51241.661497,56486.179992,67806.860968
"433","West Midlands Trains","TOC-on-TOC","Fleet",28325.347999,35384,38877.223999,37981,36021.912998,28428.376998,28156.249995,37698.527983
"434","West Midlands Trains","TOC-on-TOC","Operations",7290,6639.414,6788.49,6244.672,7826.878,4063.659999,3989.455,4698.971996
"435","West Midlands Trains","TOC-on-TOC","Stations",2552.5,3325,4151,4326,4416.5,3591.5,3621.025997,5148.229997
"436","West Midlands Trains","TOC-on-TOC","TOC Other",8946.5,10705.5,11639.4,9277.8,10792,7697.114,12035.523,9004.035997
"437","West Midlands Trains","TOC-on-TOC","Traincrew",6110,8349.5,9231.5,10074.314,9857,7461.0105,8683.926,11257.094995
