"","Train Operating Company (TOC)","Delay Type","Category of Delay","2011-12","2012-13","2013-14","2014-15","2015-16","2016-17","2017-18"
"1","Arriva Trains Wales","All Delay Minutes","All Delay Minutes",579583.999999,604990.999997,615478.999988,613078.999987,648033.999991,656900.999831,633141.999759
"2","Arriva Trains Wales","NR-on-TOC","NR-on-TOC",287167.522999,322517.165999,333287.394993,290617.802989,345352.664094,335079.853572,329166.617298
"3","Arriva Trains Wales","NR-on-TOC","External",77861,62105.5,61831.5,54476,56186.78,61095.472482,71567.428966
"4","Arriva Trains Wales","NR-on-TOC","Network Management / Other",66823.423,70750.153999,88501.328995,87516.79099,95055.992095,126123.681637,108732.827896
"5","Arriva Trains Wales","NR-on-TOC","Non-Track Assets",101495.599999,90468.512,94390.065998,104772.511999,110136.613999,89895.983477,85701.620454
"6","Arriva Trains Wales","NR-on-TOC","Severe Weather, Autumn,  & Structures",22215.5,78014,64475.5,26538.5,51458.278,41216.125983,45854.013988
"7","Arriva Trains Wales","NR-on-TOC","Track",18772,21179,24089,17314,32515,16748.589993,17310.725994
"8","Arriva Trains Wales","TOC-on-Self","TOC-on-Self",241468.5,219275.949999,212022.699997,242608.399999,235787.439899,266618.54779,240265.946989
"9","Arriva Trains Wales","TOC-on-Self","Fleet",134704.5,114655.76,106857,123263.78,108452.5,119325.874597,129251.965998
"10","Arriva Trains Wales","TOC-on-Self","Operations",10942.75,15193.09,10216.499998,10745.119999,7928,19374.431995,15577.602996
"11","Arriva Trains Wales","TOC-on-Self","Stations",44740.25,37649.599999,41449,49806.5,47274.5016,54559.777199,41459.199997
"12","Arriva Trains Wales","TOC-on-Self","TOC Other",17745.5,19773.5,20170,21756,21171,21787.796,24533.481999
"13","Arriva Trains Wales","TOC-on-Self","Traincrew",33335.5,32004,33330.199999,37037,50961.438299,51570.667999,29443.695999
"14","Arriva Trains Wales","TOC-on-TOC","TOC-on-TOC",50947.977,63197.883999,70168.904998,79852.796999,66893.895998,55202.598469,63709.435472
"15","Arriva Trains Wales","TOC-on-TOC","Fleet",24576.477,28812.774,31669.3,36971.419,30518.289999,26332.636493,27883.09899
"16","Arriva Trains Wales","TOC-on-TOC","Operations",6350,7080.109999,7443.604998,8607.445999,5503.104,4697.325993,5914.989994
"17","Arriva Trains Wales","TOC-on-TOC","Stations",2497.5,2679.5,2871,3999.5,8152.848,4440.144998,5260.620998
"18","Arriva Trains Wales","TOC-on-TOC","TOC Other",11437.5,15221.5,16941,18660.5,10893.333999,11263.108992,14761.432495
"19","Arriva Trains Wales","TOC-on-TOC","Traincrew",6086.5,9404,11244,11613.932,11826.32,8469.381993,9889.292995
"20","c2c","All Delay Minutes","All Delay Minutes",55148.999997,44131,52067.999999,50780,53367.999998,89039.999975,63088.999989
"21","c2c","NR-on-TOC","NR-on-TOC",38412.649999,23564,35959.5,32786.3,28504.449999,56030.491981,31526.687991
"22","c2c","NR-on-TOC","External",10939.92,6436,7949,5547,9517.25,13109.361998,8028.581998
"23","c2c","NR-on-TOC","Network Management / Other",11556.229999,6146.5,7234.1,5407.4,7507.699999,12814.034987,8180.799996
"24","c2c","NR-on-TOC","Non-Track Assets",11139,8606,11878,11638,5964,8926.353997,7955.393999
"25","c2c","NR-on-TOC","Severe Weather, Autumn,  & Structures",2314.5,1371.5,7010.4,2736.9,3162.5,15322.740999,3916.095998
"26","c2c","NR-on-TOC","Track",2463,1004,1888,7457,2353,5858,3445.816
"27","c2c","TOC-on-Self","TOC-on-Self",15049.349998,17770,14064.899999,16280.6,22892.549999,31196.872994,28898.811998
"28","c2c","TOC-on-Self","Fleet",5210.269999,8123,5467.399999,5898,6355.799999,11330.437996,10220.623999
"29","c2c","TOC-on-Self","Operations",185.5,183,180,489.5,871.5,978.605999,1555.408
"30","c2c","TOC-on-Self","Stations",1177,1122,929.5,1481,2524.5,4060.716999,3119.686
"31","c2c","TOC-on-Self","TOC Other",6044.079999,6592,5211.5,6177.1,8781.75,8516.516,6751.836
"32","c2c","TOC-on-Self","Traincrew",2432.5,1750,2276.5,2235,4359,6310.596,7251.257999
"33","c2c","TOC-on-TOC","TOC-on-TOC",1687,2797,2043.6,1713.1,1971,1812.635,2663.5
"34","c2c","TOC-on-TOC","Fleet",545,1183,441,683,560,737.41,1178
"35","c2c","TOC-on-TOC","Operations",256,449.5,619.5,233,289.5,251.5,355
"36","c2c","TOC-on-TOC","Stations",20,89,34,117,128,97.5,132
"37","c2c","TOC-on-TOC","TOC Other",554,749.5,690.1,454.1,537,465.225,543
"38","c2c","TOC-on-TOC","Traincrew",312,326,259,226,456.5,261,455.5
"39","Caledonian Sleeper","All Delay Minutes","All Delay Minutes",NA,NA,NA,NA,41120.99999,33660.99999,42583.999932
"40","Caledonian Sleeper","NR-on-TOC","NR-on-TOC",NA,NA,NA,NA,15006.226992,12710.43749,20243.534946
"41","Caledonian Sleeper","NR-on-TOC","External",NA,NA,NA,NA,1596,718.040499,4327.5
"42","Caledonian Sleeper","NR-on-TOC","Network Management / Other",NA,NA,NA,NA,4787.219996,4632.414992,4984.052952
"43","Caledonian Sleeper","NR-on-TOC","Non-Track Assets",NA,NA,NA,NA,3122.970997,4205.761999,6784.561997
"44","Caledonian Sleeper","NR-on-TOC","Severe Weather, Autumn,  & Structures",NA,NA,NA,NA,4321.035999,1521.22,3321.962997
"45","Caledonian Sleeper","NR-on-TOC","Track",NA,NA,NA,NA,1179,1633,825.457
"46","Caledonian Sleeper","TOC-on-Self","TOC-on-Self",NA,NA,NA,NA,22439.772998,17252.284,18396.191991
"47","Caledonian Sleeper","TOC-on-Self","Fleet",NA,NA,NA,NA,10760.839999,9767,10547.94
"48","Caledonian Sleeper","TOC-on-Self","Operations",NA,NA,NA,NA,6524.599999,3639.78,3827.103995
"49","Caledonian Sleeper","TOC-on-Self","Stations",NA,NA,NA,NA,1182,1533.5,1439.339999
"50","Caledonian Sleeper","TOC-on-Self","TOC Other",NA,NA,NA,NA,467.5,567,1087.199999
"51","Caledonian Sleeper","TOC-on-Self","Traincrew",NA,NA,NA,NA,3504.833,1745.004,1494.607998
"52","Caledonian Sleeper","TOC-on-TOC","TOC-on-TOC",NA,NA,NA,NA,3675,3698.2785,3944.272995
"53","Caledonian Sleeper","TOC-on-TOC","Fleet",NA,NA,NA,NA,2339.5,2266.8195,2053.421
"54","Caledonian Sleeper","TOC-on-TOC","Operations",NA,NA,NA,NA,325.5,275.337,194.755998
"55","Caledonian Sleeper","TOC-on-TOC","Stations",NA,NA,NA,NA,61,61.67,84
"56","Caledonian Sleeper","TOC-on-TOC","TOC Other",NA,NA,NA,NA,408,513.5,987.618998
"57","Caledonian Sleeper","TOC-on-TOC","Traincrew",NA,NA,NA,NA,541,580.952,624.476999
"58","Chiltern Railways","All Delay Minutes","All Delay Minutes",246871,194644.999997,176381.999997,165394.999993,218513.99999,265740.999957,270573.999903
"59","Chiltern Railways","NR-on-TOC","NR-on-TOC",113949.5,97102.989999,86497.259998,80965.229994,102624.577997,142602.733973,126535.285928
"60","Chiltern Railways","NR-on-TOC","External",22099.5,17853,14751.5,18988.5,16367,24982.752,22385.624491
"61","Chiltern Railways","NR-on-TOC","Network Management / Other",45640.5,25916.489999,26144.759998,22459.309994,37074.077999,48725.255978,47235.580953
"62","Chiltern Railways","NR-on-TOC","Non-Track Assets",31417,31283.5,21198.5,23901.42,34370,28355.731998,34186.69149
"63","Chiltern Railways","NR-on-TOC","Severe Weather, Autumn,  & Structures",5177.5,13717,18810.5,9027,9166.499998,17339.948998,8785.002994
"64","Chiltern Railways","NR-on-TOC","Track",9615,8333,5592,6589,5647,23199.044999,13942.386
"65","Chiltern Railways","TOC-on-Self","TOC-on-Self",102384.5,77136.509998,66901.239999,62635.949999,88170.269994,94393.510995,106747.908985
"66","Chiltern Railways","TOC-on-Self","Fleet",39380,39374.759998,35942.34,34540.72,50876.759999,47850.783999,58490.835994
"67","Chiltern Railways","TOC-on-Self","Operations",34584.5,14618.5,9652.399999,7509.61,8555.7,10804.974999,9751.795994
"68","Chiltern Railways","TOC-on-Self","Stations",6693,4824,3167.5,4449.5,5514.649999,7532.735999,8612.981997
"69","Chiltern Railways","TOC-on-Self","TOC Other",6456,6545.75,6379,6397.519999,6560.999997,9153.95,14490.138
"70","Chiltern Railways","TOC-on-Self","Traincrew",15271,11773.5,11760,9738.6,16662.159999,19051.065998,15402.157
"71","Chiltern Railways","TOC-on-TOC","TOC-on-TOC",30537,20405.5,22983.5,21793.82,27719.151999,28744.754989,37290.80499
"72","Chiltern Railways","TOC-on-TOC","Fleet",15429,8573,11835,9416.527,13130.151999,13709.057495,20157.238995
"73","Chiltern Railways","TOC-on-TOC","Operations",3426.5,2060,1840.5,2492.293,1867,2167.887999,3010.875998
"74","Chiltern Railways","TOC-on-TOC","Stations",1347,856,955,1656,1651.5,1696.511999,2099.28
"75","Chiltern Railways","TOC-on-TOC","TOC Other",6249.5,4330.5,3897,4224,5375,5863.856999,6032.647998
"76","Chiltern Railways","TOC-on-TOC","Traincrew",4085,4586,4456,4005,5695.5,5307.440497,5990.761999
"77","CrossCountry","All Delay Minutes","All Delay Minutes",719518.729997,811895.999991,822183.999978,684385.499957,691571.999879,687876.999548,721232.999494
"78","CrossCountry","NR-on-TOC","NR-on-TOC",464231.991998,532533.177993,535334.417985,415086.07997,436715.955407,434589.032124,442322.727624
"79","CrossCountry","NR-on-TOC","External",106183.093999,104386.606,99557.726,81628.410999,85147.363994,94771.310961,94759.312442
"80","CrossCountry","NR-on-TOC","Network Management / Other",120508.517999,130869.871993,136894.891985,126447.341973,109817.44744,114286.126799,124707.475305
"81","CrossCountry","NR-on-TOC","Non-Track Assets",155787.5,149455,140730,131072.448999,135368.797982,127082.100411,124948.65643
"82","CrossCountry","NR-on-TOC","Severe Weather, Autumn,  & Structures",30561.65,95574.2,89796.8,30716.877999,44284.211992,44655.998964,35961.469463
"83","CrossCountry","NR-on-TOC","Track",51191.23,52247.5,68355,45221,62098.133999,53793.494989,61945.813984
"84","CrossCountry","TOC-on-Self","TOC-on-Self",68047,71354.059999,74596.809995,71858.47999,70844.04799,69875.927994,79946.276985
"85","CrossCountry","TOC-on-Self","Fleet",31617.5,35997.059999,32768.629999,31564.989995,34218.465994,34706.321998,39302.964998
"86","CrossCountry","TOC-on-Self","Operations",3405,4290,5753.5,4675.339998,4303.391999,4457.461997,6775.796994
"87","CrossCountry","TOC-on-Self","Stations",5962.5,5658,7468.79,7846.93,8368.689999,6678.73,7338.559998
"88","CrossCountry","TOC-on-Self","TOC Other",13221.5,12277.5,12599.919998,11295.81,12437.209999,14913.584,16606.734999
"89","CrossCountry","TOC-on-Self","Traincrew",13840.5,13131.5,16005.969998,16475.409997,11516.289999,9119.829999,9922.219996
"90","CrossCountry","TOC-on-TOC","TOC-on-TOC",187239.737999,208008.761999,212252.771998,197440.939997,184011.996482,183412.03943,198963.994885
"91","CrossCountry","TOC-on-TOC","Fleet",98625.075999,104428.224,102106.563998,94873.641999,87264.789995,87543.567474,94492.582955
"92","CrossCountry","TOC-on-TOC","Operations",23402.312,17999.488,18515.008,19656.907999,12756.836998,12061.289981,12475.690474
"93","CrossCountry","TOC-on-TOC","Stations",9329,10377.5,12889.5,14062,17378.638999,19321.215993,21316.989987
"94","CrossCountry","TOC-on-TOC","TOC Other",34662.35,41941.799999,43731.2,37468.5,32767.519494,33547.15399,36587.014489
"95","CrossCountry","TOC-on-TOC","Traincrew",21221,33261.75,35010.5,31379.889999,33844.210996,30938.811992,34091.71698
"96","East Midlands Trains","All Delay Minutes","All Delay Minutes",359453.5,401945.999998,465172.499994,427648.499976,416817.999892,449070.999775,443723.999791
"97","East Midlands Trains","NR-on-TOC","NR-on-TOC",234430.9,263167.699999,296778.966995,261748.56798,254005.441905,283679.017325,270519.55036
"98","East Midlands Trains","NR-on-TOC","External",52672.5,51735.5,56678.512,50573.209999,56228.953996,58257.116485,58871.638482
"99","East Midlands Trains","NR-on-TOC","Network Management / Other",58308.5,65150.799999,83049.434995,78116.635983,68230.293947,72637.699415,74132.11292
"100","East Midlands Trains","NR-on-TOC","Non-Track Assets",82022.5,82142,86034.5,85454.744999,72074.020979,82389.550461,72868.538473
"101","East Midlands Trains","NR-on-TOC","Severe Weather, Autumn,  & Structures",13726.9,38201.9,35441.52,17816.879,18099.97899,30815.58348,24905.135486
"102","East Midlands Trains","NR-on-TOC","Track",27700.5,25937.5,35575,29787.097999,39372.193993,39579.067484,39742.124999
"103","East Midlands Trains","TOC-on-Self","TOC-on-Self",72094,81780.699999,92511.5,88378.379999,82309.25,90211.492994,91057.290492
"104","East Midlands Trains","TOC-on-Self","Fleet",47129,51695.5,50694,54430.3,49817.5,51214.206998,46509.278999
"105","East Midlands Trains","TOC-on-Self","Operations",597.5,1103.5,2126.5,1766,894,828.054,807.543999
"106","East Midlands Trains","TOC-on-Self","Stations",6211,6361,8986,9063,8812.5,11689.003999,14617.079997
"107","East Midlands Trains","TOC-on-Self","TOC Other",7190,8899,10617.5,10321.579999,11097.75,13545.559999,15180.527499
"108","East Midlands Trains","TOC-on-Self","Traincrew",10966.5,13721.699999,20087.5,12797.5,11687.5,12934.667998,13942.859998
"109","East Midlands Trains","TOC-on-TOC","TOC-on-TOC",52928.6,56997.6,75882.032999,77521.551997,80503.307987,75180.489456,82147.158939
"110","East Midlands Trains","TOC-on-TOC","Fleet",27303.5,26319,34638,35475.237999,38814.380991,36325.139984,35688.253482
"111","East Midlands Trains","TOC-on-TOC","Operations",5641.5,6872,9587.932999,9038.173998,7604.329999,6821.347994,8568.507488
"112","East Midlands Trains","TOC-on-TOC","Stations",2415.5,2620,3193,4936.5,5811.279999,5409.114997,5575.074992
"113","East Midlands Trains","TOC-on-TOC","TOC Other",10642.6,12895.1,17130.1,15467.5,14844.532999,14355.637491,19015.746988
"114","East Midlands Trains","TOC-on-TOC","Traincrew",6925.5,8291.5,11333,12604.14,13428.783999,12269.24899,13299.575989
"115","Govia Thameslink Railway","All Delay Minutes","All Delay Minutes",1566701.999995,1686520.999996,1888225.99999,2127521.999902,2491598.999621,3030836.999511,2449299.999618
"116","Govia Thameslink Railway","NR-on-TOC","NR-on-TOC",961342.239998,1032986.256997,1246496.30499,1334184.012912,1487298.160682,1747673.928598,1481078.243199
"117","Govia Thameslink Railway","NR-on-TOC","External",219768.5,134543,209479.537,229642.953988,220535.48395,249150.828948,257888.224952
"118","Govia Thameslink Railway","NR-on-TOC","Network Management / Other",327603.99,374829.606997,452019.293993,553633.853951,646942.308859,950321.22429,722178.889856
"119","Govia Thameslink Railway","NR-on-TOC","Non-Track Assets",289691,325554,337136.179,397743.738988,388874.508943,317544.342416,283451.395922
"120","Govia Thameslink Railway","NR-on-TOC","Severe Weather, Autumn,  & Structures",53687.749998,115816.65,162275.294997,40419.61999,93592.936945,92472.452953,85922.846481
"121","Govia Thameslink Railway","NR-on-TOC","Track",70591,82243,85586,112743.845995,137352.921985,138185.079991,131636.885988
"122","Govia Thameslink Railway","TOC-on-Self","TOC-on-Self",515372.759999,564986.749999,556154.045,673005.758993,906474.896942,1190124.875932,862203.413455
"123","Govia Thameslink Railway","TOC-on-Self","Fleet",226119.959999,205720.64,206888.3,206566.464998,291171.614986,346169.664974,294143.917982
"124","Govia Thameslink Railway","TOC-on-Self","Operations",60202.75,62578.75,63001.345,66039.129998,73346.339989,75707.007991,27813.319994
"125","Govia Thameslink Railway","TOC-on-Self","Stations",52316.5,55205.859999,60406,80636.47,85159.195491,98757.230989,77568.319997
"126","Govia Thameslink Railway","TOC-on-Self","TOC Other",78618.75,107602,86053.9,92528.5,120574.372491,134429.971995,147095.163491
"127","Govia Thameslink Railway","TOC-on-Self","Traincrew",98114.8,133879.5,139804.5,227235.193997,336223.373985,535060.999983,315582.691991
"128","Govia Thameslink Railway","TOC-on-TOC","TOC-on-TOC",89986.999998,88547.993,85575.65,120332.227997,97825.941997,93038.194981,106018.342964
"129","Govia Thameslink Railway","TOC-on-TOC","Fleet",47186,42163.643,40460,66678.173,48892.160998,48466.84749,51396.78398
"130","Govia Thameslink Railway","TOC-on-TOC","Operations",10652,9651.5,9678.5,13165.185999,9676.8,10576.882998,8127.123994
"131","Govia Thameslink Railway","TOC-on-TOC","Stations",5495.5,5125.5,5591,6736,7676.5,7101.674999,9178.464999
"132","Govia Thameslink Railway","TOC-on-TOC","TOC Other",15108.499998,18568.85,17907.15,20632.299999,16229.296999,13413.143999,21941.071996
"133","Govia Thameslink Railway","TOC-on-TOC","Traincrew",11545,13038.5,11939,13120.568999,15351.184,13479.645495,15374.897995
"134","Grand Central","All Delay Minutes","All Delay Minutes",44852,48379,56429,41829,46379.999987,47919.999976,48226.999932
"135","Grand Central","NR-on-TOC","NR-on-TOC",27914.5,31936.174,34657.311,27027.5,29188.294991,31487.526482,27331.444947
"136","Grand Central","NR-on-TOC","External",8451,7358,5384,5405,6615.345998,8111.892,6629.499992
"137","Grand Central","NR-on-TOC","Network Management / Other",6225,7321.174,9291.311,7823.5,5858.061996,5890.739486,5443.705975
"138","Grand Central","NR-on-TOC","Non-Track Assets",8111,9476,10174,8127,7607.514998,8948.894497,8225.095988
"139","Grand Central","NR-on-TOC","Severe Weather, Autumn,  & Structures",889.5,3212,3833,1113,2433.371999,1635.940499,1400.016993
"140","Grand Central","NR-on-TOC","Track",4238,4569,5975,4559,6674,6900.06,5633.125999
"141","Grand Central","TOC-on-Self","TOC-on-Self",7672.5,7356,10258,5512.5,5839.165,5232.18,7131.77
"142","Grand Central","TOC-on-Self","Fleet",5480,4218,7479.5,3445.5,3381.165,2787.5,4065
"143","Grand Central","TOC-on-Self","Operations",412,503,194.5,218.5,208.5,186.18,404.003
"144","Grand Central","TOC-on-Self","Stations",246,364.5,473.5,619,561,412,618
"145","Grand Central","TOC-on-Self","TOC Other",524,517.5,600.5,510.5,754,746.5,1031
"146","Grand Central","TOC-on-Self","Traincrew",1010.5,1753,1510,719,934.5,1100,1013.767
"147","Grand Central","TOC-on-TOC","TOC-on-TOC",9265,9086.826,11513.689,9289,11352.539996,11200.293494,13763.784985
"148","Grand Central","TOC-on-TOC","Fleet",5935,5547,6190,4884,7747.584997,7198.924497,8546.610997
"149","Grand Central","TOC-on-TOC","Operations",626.5,616.826,1010.189,1154,653.5,736.141999,779.513996
"150","Grand Central","TOC-on-TOC","Stations",412,301.5,539,566.5,561.5,759.65,1140.925995
"151","Grand Central","TOC-on-TOC","TOC Other",1557.5,1779,2379,1727,1484.859,1381.356,2083.399998
"152","Grand Central","TOC-on-TOC","Traincrew",734,842.5,1395.5,957.5,905.095999,1124.220998,1213.333999
"153","Great Western Railway","All Delay Minutes","All Delay Minutes",1106946.99999,1208018.999985,1323344.999984,1220533.999978,1160758.999929,1277368.99979,1478076.999692
"154","Great Western Railway","NR-on-TOC","NR-on-TOC",660338.860996,733893.576988,854300.729989,738604.008982,723617.041941,805134.88433,848092.208233
"155","Great Western Railway","NR-on-TOC","External",151341.303,126355.155,111720.586999,128432.192998,114417.870993,129724.572987,136588.03846
"156","Great Western Railway","NR-on-TOC","Network Management / Other",199873.507996,187083.421988,230296.902991,251078.645987,227507.317961,267120.686385,279932.842348
"157","Great Western Railway","NR-on-TOC","Non-Track Assets",231612.75,229995,238071,242483.809998,258900.27999,282976.235967,273784.337956
"158","Great Western Railway","NR-on-TOC","Severe Weather, Autumn,  & Structures",37968.3,144976,212253.239999,67400.359999,62399.554998,65138.548995,88268.542474
"159","Great Western Railway","NR-on-TOC","Track",39543,45484,61959,49209,60392.017999,60174.839996,69518.446995
"160","Great Western Railway","TOC-on-Self","TOC-on-Self",329187.939994,354198.939999,329701.829996,331739.389999,316041.018997,321474.607992,481687.215485
"161","Great Western Railway","TOC-on-Self","Fleet",188905.129997,207602.189999,185449.399999,197057.75,177008.773999,175163.170997,253082.930996
"162","Great Western Railway","TOC-on-Self","Operations",9497.029999,5606.25,6236.179998,4955,7612,5035.943,14224.891998
"163","Great Western Railway","TOC-on-Self","Stations",39510.25,40465.75,39691,40539,42190.899999,43804.596498,53539.163998
"164","Great Western Railway","TOC-on-Self","TOC Other",47724.299999,44803.25,42977.659999,42012.639999,45383.094999,43184.899999,64892.505497
"165","Great Western Railway","TOC-on-Self","Traincrew",43551.229999,55721.5,55347.59,47175,43846.25,54285.997498,95947.722996
"166","Great Western Railway","TOC-on-TOC","TOC-on-TOC",117420.199,119926.482998,139342.439999,150190.600997,121100.938991,150759.507468,148297.575974
"167","Great Western Railway","TOC-on-TOC","Fleet",49521.199,51524.108,58045.604999,63266.594999,48437.857998,69037.52149,64241.313994
"168","Great Western Railway","TOC-on-TOC","Operations",24040,15848.774,17512.968,15645.631999,12776.7,14053.571992,14376.198991
"169","Great Western Railway","TOC-on-TOC","Stations",4644,4615.736,5376.5,6016.025999,8378.072999,6879.745999,7683.428997
"170","Great Western Railway","TOC-on-TOC","TOC Other",24798.5,31152.5,35446,38452.865,27148.773997,34817.811994,35642.467995
"171","Great Western Railway","TOC-on-TOC","Traincrew",14416.5,16785.364998,22961.367,26809.483,24359.533997,25970.855993,26354.165997
"172","Greater Anglia","All Delay Minutes","All Delay Minutes",762355.999985,616066.999983,641991.999987,688500.999979,729562.999956,783661.999895,744722.499859
"173","Greater Anglia","NR-on-TOC","NR-on-TOC",486006.749995,377385.193993,402109.103994,454363.233987,438894.960627,487894.275427,458898.751898
"174","Greater Anglia","NR-on-TOC","External",113158.5,60508,74995.569999,77491,80180.981497,93184.179991,99052.304487
"175","Greater Anglia","NR-on-TOC","Network Management / Other",118841.109996,103396.143997,97448.815996,133452.846991,109870.005742,95040.936964,108864.086456
"176","Greater Anglia","NR-on-TOC","Non-Track Assets",158420.5,129224.099999,114472.83,130385.699999,121372.568993,144296.691484,119439.205971
"177","Greater Anglia","NR-on-TOC","Severe Weather, Autumn,  & Structures",26672.639999,31148.449997,60264.887999,31576.649997,32091.404395,56418.82299,46133.95199
"178","Greater Anglia","NR-on-TOC","Track",68914,53108.5,54927,81457.037,95380,98953.643998,85409.202994
"179","Greater Anglia","TOC-on-Self","TOC-on-Self",209811.24999,183546.569992,166302.119993,172542.089993,209665.536831,224128.710982,206270.686978
"180","Greater Anglia","TOC-on-Self","Fleet",113187.159997,96170.949998,81250.809999,83959.279997,110108.328998,114285.465996,103890.077995
"181","Greater Anglia","TOC-on-Self","Operations",5772.219999,5551.519999,3968.5,5434.5,6839.983,3050.688496,4447.324996
"182","Greater Anglia","TOC-on-Self","Stations",21223.619999,19139.39,18313.999999,26122.259999,26243.950238,31494.389999,26318.053998
"183","Greater Anglia","TOC-on-Self","TOC Other",42968.659997,39343.319997,38098.919995,34746.849997,38384.704596,40626.000493,41102.154995
"184","Greater Anglia","TOC-on-Self","Traincrew",26659.589998,23341.389998,24669.89,22279.2,28088.569999,34672.165998,30513.074994
"185","Greater Anglia","TOC-on-TOC","TOC-on-TOC",66538,55135.235998,73580.776,61595.675999,81002.502498,71639.013486,79553.060983
"186","Greater Anglia","TOC-on-TOC","Fleet",30303.5,23168.5,32157.5,27356,40099.360998,28719.250495,36069.587994
"187","Greater Anglia","TOC-on-TOC","Operations",10960,8197.735998,8292.776,8304.675999,7925.004,6989.289997,9764.823997
"188","Greater Anglia","TOC-on-TOC","Stations",1553,2714,3659,3522,4250.5,4513.039999,5025.054999
"189","Greater Anglia","TOC-on-TOC","TOC Other",18585.5,14512,19354.5,13438.5,16535.4575,18409.383997,18246.931997
"190","Greater Anglia","TOC-on-TOC","Traincrew",5136,6543,10117,8974.5,12192.18,13008.048998,10446.661996
"191","Heathrow Express","All Delay Minutes","All Delay Minutes",29504,34201,33634,37346.999999,39651.99999,50130.999966,45859.999951
"192","Heathrow Express","NR-on-TOC","NR-on-TOC",20055.5,22984.5,23304.004,25002.476,27922.477491,35422.481972,29363.423458
"193","Heathrow Express","NR-on-TOC","External",3470.5,3501,2186.752,3953.378,2569.608998,2984.999998,3067.469999
"194","Heathrow Express","NR-on-TOC","Network Management / Other",5465.5,7513.5,7824.752,8647.598,9526.720497,12541.114482,11738.469474
"195","Heathrow Express","NR-on-TOC","Non-Track Assets",9038.5,8985,8619.5,11001,13314.367998,15771.674495,10927.593486
"196","Heathrow Express","NR-on-TOC","Severe Weather, Autumn,  & Structures",982,1566,2627,545.5,1122.761998,1233.488998,1391.133499
"197","Heathrow Express","NR-on-TOC","Track",1099,1419,2046,855,1389.018,2891.203999,2238.757
"198","Heathrow Express","TOC-on-Self","TOC-on-Self",3705.5,2947,3184.5,3784,3041.204,4707.833999,4421.829999
"199","Heathrow Express","TOC-on-Self","Fleet",2120,1415,1977,2343,2007.704,3283.471999,2469.829999
"200","Heathrow Express","TOC-on-Self","Operations",1049.5,777.5,253,207,147.5,254.362,400
"201","Heathrow Express","TOC-on-Self","Stations",20,90,59,160.5,137,277,313
"202","Heathrow Express","TOC-on-Self","TOC Other",228,404,606,607.5,516,463,390
"203","Heathrow Express","TOC-on-Self","Traincrew",288,260.5,289.5,466,233,430,849
"204","Heathrow Express","TOC-on-TOC","TOC-on-TOC",5743,8269.5,7145.496,8560.523999,8688.318499,10000.683995,12074.746494
"205","Heathrow Express","TOC-on-TOC","Fleet",3220.5,4669,3865,4890.5,4487.625,5892.298999,6766.458497
"206","Heathrow Express","TOC-on-TOC","Operations",341,349.5,542.996,461.523999,522.5,453.502,623.002999
"207","Heathrow Express","TOC-on-TOC","Stations",334,387.5,362,287,512,387.824999,611.898
"208","Heathrow Express","TOC-on-TOC","TOC Other",1117,1435.5,1094.5,1526.5,1705.693499,1479.619999,1660.887
"209","Heathrow Express","TOC-on-TOC","Traincrew",730.5,1428,1281,1395,1460.5,1787.437998,2412.499998
"210","Hull Trains","All Delay Minutes","All Delay Minutes",27379,27325.999999,31603,22325,24045.999997,28851.999989,28521.999988
"211","Hull Trains","NR-on-TOC","NR-on-TOC",17640.5,17760.999999,22463.358,15278.695,16249.197998,19669.786493,16611.60599
"212","Hull Trains","NR-on-TOC","External",3893,3721,3414,3562,4069.95,5654.756,3951.920499
"213","Hull Trains","NR-on-TOC","Network Management / Other",3515.5,3436.999999,4974.358,3762.195,2934.591999,3035.019995,2642.293494
"214","Hull Trains","NR-on-TOC","Non-Track Assets",6328,6125,7655,4268,3742.655999,5742.525499,5885.148998
"215","Hull Trains","NR-on-TOC","Severe Weather, Autumn,  & Structures",773,1292,2876,1175.5,1562,1642.484999,904.242999
"216","Hull Trains","NR-on-TOC","Track",3131,3186,3544,2511,3940,3595,3228
"217","Hull Trains","TOC-on-Self","TOC-on-Self",4874,4373,3729,2922,2922,3200.122,5975.150998
"218","Hull Trains","TOC-on-Self","Fleet",3349,3123.5,2266,1611,1887,1706,3549.376
"219","Hull Trains","TOC-on-Self","Operations",453,529,464.5,441.5,383.5,551.122,1124.774998
"220","Hull Trains","TOC-on-Self","Stations",93.5,26,120,105,121.5,94.5,151.5
"221","Hull Trains","TOC-on-Self","TOC Other",551.5,196.5,276,395,303,458,756.5
"222","Hull Trains","TOC-on-Self","Traincrew",427,498,602.5,369.5,227,390.5,393
"223","Hull Trains","TOC-on-TOC","TOC-on-TOC",4864.5,5192,5410.642,4124.305,4874.801999,5982.091496,5935.243
"224","Hull Trains","TOC-on-TOC","Fleet",3312,3312.5,3574.5,2475.5,3269.226999,4093.054496,4015.613
"225","Hull Trains","TOC-on-TOC","Operations",347,297.5,189.142,311.805,171.5,136.08,218
"226","Hull Trains","TOC-on-TOC","Stations",137,143,200,157,144,325.82,316
"227","Hull Trains","TOC-on-TOC","TOC Other",692.5,1073.5,860,706.5,780.075,763.13,844.5
"228","Hull Trains","TOC-on-TOC","Traincrew",376,365.5,587,473.5,510,664.007,541.13
"229","London Overground","All Delay Minutes","All Delay Minutes",233716.999991,188098.999991,198544.999993,216055.99996,254310.999882,247288.999783,263664.999848
"230","London Overground","NR-on-TOC","NR-on-TOC",146473.809997,103870.709995,113886.119996,127008.328968,140620.445906,149225.270324,159672.671883
"231","London Overground","NR-on-TOC","External",26696.5,16980.5,20872,21084.409998,22991.779992,19625.678481,21767.999986
"232","London Overground","NR-on-TOC","Network Management / Other",37765.409998,33323.559998,37830.959999,47745.683984,53791.935956,69585.031405,69617.316936
"233","London Overground","NR-on-TOC","Non-Track Assets",58627.5,34053,33694.36,41771.751992,40259.004971,31287.047965,32096.334972
"234","London Overground","NR-on-TOC","Severe Weather, Autumn,  & Structures",8233.399999,9210.649997,10285.299997,5517.964995,9645.231991,10199.746484,12157.959989
"235","London Overground","NR-on-TOC","Track",15151,10303,11203.5,10888.517999,13932.492996,18527.765989,24033.06
"236","London Overground","TOC-on-Self","TOC-on-Self",47811.289999,40171,40694.899999,39865.5,57977,42178.105996,49690.15199
"237","London Overground","TOC-on-Self","Fleet",20926,14116.5,14064.399999,15856,26840.5,16972.037999,19990.095997
"238","London Overground","TOC-on-Self","Operations",1216.789999,1172.5,1011.5,1052,1669.5,835.199999,2023.872
"239","London Overground","TOC-on-Self","Stations",4297,7098,9562,10227,11774.5,9288.307998,10682.375996
"240","London Overground","TOC-on-Self","TOC Other",10154.5,10324,7571,6454.5,8613,8299,9111.943998
"241","London Overground","TOC-on-Self","Traincrew",11217,7460,8486,6276,9079.5,6783.56,7881.863999
"242","London Overground","TOC-on-TOC","TOC-on-TOC",39431.899995,44057.289996,43963.979998,49182.170992,55713.553976,55885.623463,54302.175975
"243","London Overground","TOC-on-TOC","Fleet",17880.5,18689.05,18119.039999,15938.745996,23896.463986,20318.643986,22926.520992
"244","London Overground","TOC-on-TOC","Operations",6027.839998,6635.16,6360.5,7133.827,6518.968996,5343.126996,4879.721997
"245","London Overground","TOC-on-TOC","Stations",2851.5,2422.5,3437.5,5124.359999,4587.075998,5880.127998,4766.081999
"246","London Overground","TOC-on-TOC","TOC Other",7381.599997,9655.869996,9605.699999,9782.599997,8375.816998,7953.50949,11243.700995
"247","London Overground","TOC-on-TOC","Traincrew",5290.46,6654.71,6441.24,11202.638,12335.227998,16390.214993,10486.149992
"248","Merseyrail","All Delay Minutes","All Delay Minutes",82644.999998,91084.999996,91308.999999,102516.999991,110720.999986,107246.999977,116706.999968
"249","Merseyrail","NR-on-TOC","NR-on-TOC",50691.449999,54050.599998,50862.4,60614.049998,65744.880995,65019.516987,68292.090978
"250","Merseyrail","NR-on-TOC","External",8330.5,6244,6788,10261,9972,9703.46,7710.985998
"251","Merseyrail","NR-on-TOC","Network Management / Other",15928.449999,20308.349999,20190.9,23097.549998,29057.980995,36010.117989,35217.468987
"252","Merseyrail","NR-on-TOC","Non-Track Assets",19150.5,16153.5,13320,17611,16274,12345.495999,19409.188995
"253","Merseyrail","NR-on-TOC","Severe Weather, Autumn,  & Structures",5088,10147.749999,9280.5,6689.5,7482.9,5343.442999,4786.446998
"254","Merseyrail","NR-on-TOC","Track",2194,1197,1283,2955,2958,1617,1168
"255","Merseyrail","TOC-on-Self","TOC-on-Self",31122.549999,36361.399998,39354.099999,39858.949993,41113.669992,39341.103995,45537.506995
"256","Merseyrail","TOC-on-Self","Fleet",9443.949999,10704.6,10361.049999,7195.899999,9656.249999,11188.707999,8935.569999
"257","Merseyrail","TOC-on-Self","Operations",763.5,1898,234.25,8009.199996,6411.119994,7129.339996,9154.186997
"258","Merseyrail","TOC-on-Self","Stations",8885.5,6293,2807,4292.6,4666,2393,4709.749999
"259","Merseyrail","TOC-on-Self","TOC Other",8598.5,12315.249999,13569,11414.1,12286.799999,9223,10198
"260","Merseyrail","TOC-on-Self","Traincrew",3431.1,5150.549999,12382.8,8947.149998,8093.5,9407.056,12540
"261","Merseyrail","TOC-on-TOC","TOC-on-TOC",831,673,1092.5,2044,3862.448999,2886.378995,2877.401995
"262","Merseyrail","TOC-on-TOC","Fleet",432,257,484,710.5,1495.448999,1207.097999,1156.19
"263","Merseyrail","TOC-on-TOC","Operations",48,57.5,128.5,214.5,485.5,226.511998,347.252998
"264","Merseyrail","TOC-on-TOC","Stations",147.5,77,157,597.5,1004,875.563998,503.602
"265","Merseyrail","TOC-on-TOC","TOC Other",147.5,158.5,118,202,422.5,265.5,363.755
"266","Merseyrail","TOC-on-TOC","Traincrew",56,123,205,319.5,455,311.705,506.601997
"267","Northern","All Delay Minutes","All Delay Minutes",1442339.999966,1554736.999949,1564913.999961,1565131.999975,1579659.499951,1448824.999629,1691971.499566
"268","Northern","NR-on-TOC","NR-on-TOC",773844.596987,864526.079973,845887.442975,773809.032985,863051.604959,767709.085205,890392.582667
"269","Northern","NR-on-TOC","External",194786.8,133734.862,144133.445999,145741.696,158413.664996,155073.900451,182654.100946
"270","Northern","NR-on-TOC","Network Management / Other",223286.116988,241700.907975,220104.726977,228098.702985,231773.816971,212516.868374,254642.687349
"271","Northern","NR-on-TOC","Non-Track Assets",200563,247512.319999,252158.769999,247942.87,222922.712995,230488.978436,241029.050923
"272","Northern","NR-on-TOC","Severe Weather, Autumn,  & Structures",64518.679999,144355.989999,141200.5,77954.764,136124.409997,84997.691958,109831.367961
"273","Northern","NR-on-TOC","Track",90690,97222,88290,74071,113817,84631.645986,102235.375488
"274","Northern","TOC-on-Self","TOC-on-Self",528707.409983,548240.60998,529592.759994,584278.209995,527064.384999,496105.252954,595614.968459
"275","Northern","TOC-on-Self","Fleet",292864.659993,300635.44999,256796.459994,247755.259996,247563.884999,220225.259984,248109.42399
"276","Northern","TOC-on-Self","Operations",36541.199999,41895.909998,52006.95,71077.5,51021,44860.283992,61898.65999
"277","Northern","TOC-on-Self","Stations",67889.869998,65034.549998,74169,98521,81854.5,87475.413994,88044.412493
"278","Northern","TOC-on-Self","TOC Other",64349.859994,62294.829998,69268.85,67801.449999,69365,67439.14499,99848.059995
"279","Northern","TOC-on-Self","Traincrew",67061.819999,78379.869996,77351.5,99123,77260,76105.149994,97714.411991
"280","Northern","TOC-on-TOC","TOC-on-TOC",139787.992996,141970.309996,189433.796992,207044.756995,189543.509993,185010.66147,205963.94844
"281","Northern","TOC-on-TOC","Fleet",70841.292998,68012.288998,88081.050998,107825.521997,92374.649995,95267.649487,106206.615981
"282","Northern","TOC-on-TOC","Operations",16554.24,14979.827999,23620.561995,23885.196998,17655.57,17669.125995,16340.502988
"283","Northern","TOC-on-TOC","Stations",5606.349999,5656.138,8809.004,11768,14215.076,14523.366999,17744.298995
"284","Northern","TOC-on-TOC","TOC Other",32040.299999,34123.699999,41424.5,37038.5,33274.728,31912.142996,37020.11949
"285","Northern","TOC-on-TOC","Traincrew",14745.81,19198.355,27498.679999,26527.538,32023.485998,25638.375993,28652.410986
"286","ScotRail","All Delay Minutes","All Delay Minutes",840196.309999,704701.999998,810035.999994,882394.999993,853657.999957,929149.999772,978240.999689
"287","ScotRail","NR-on-TOC","NR-on-TOC",482598.655999,381790.178999,449363.913996,479396.121993,461127.604965,483604.854303,552512.30577
"288","ScotRail","NR-on-TOC","External",65414.5,47551,66108.302,63936.5,61816.768998,68774.120467,76485.957957
"289","ScotRail","NR-on-TOC","Network Management / Other",134124.845999,112510.318,130293.602997,150019.352995,142386.415979,160812.741906,194053.304389
"290","ScotRail","NR-on-TOC","Non-Track Assets",136002,122692.360999,157973.508999,161169.988999,136598.151997,154514.044952,155013.005461
"291","ScotRail","NR-on-TOC","Severe Weather, Autumn,  & Structures",106879,65979.5,57469.5,65226.279999,81435.267991,54613.505987,81618.36297
"292","ScotRail","NR-on-TOC","Track",40178.31,33057,37519,39044,38891,44890.440991,45341.674993
"293","ScotRail","TOC-on-Self","TOC-on-Self",288746,254477,279952,317352.5,312339.707998,369482.991982,344428.23145
"294","ScotRail","TOC-on-Self","Fleet",134974.5,119931.5,127674.5,120775.5,101999.5,117096.957494,108593.949989
"295","ScotRail","TOC-on-Self","Operations",44000,43182,41270,47297.5,59846,87459.423996,70283.48399
"296","ScotRail","TOC-on-Self","Stations",23048,20530.5,21411,49401.5,41437.369998,45921.357998,36133.84999
"297","ScotRail","TOC-on-Self","TOC Other",43188.5,39569,48989.5,50474.5,55482.838,59608.3285,78898.479992
"298","ScotRail","TOC-on-Self","Traincrew",43535,31264,40607,49403.5,53574,59396.923994,50518.467489
"299","ScotRail","TOC-on-TOC","TOC-on-TOC",68851.654,68434.820999,80720.085998,85646.378,80190.686994,76062.153487,81300.462469
"300","ScotRail","TOC-on-TOC","Fleet",27971,27008.320999,32925.182999,39948.029,37441.456999,38682.792495,39702.932983
"301","ScotRail","TOC-on-TOC","Operations",12774.154,11688.5,13425.503,9329.301,12244.487999,8418.628996,7055.387494
"302","ScotRail","TOC-on-TOC","Stations",3683.5,2559.5,3401.399999,5553,6481,5609.253999,7155.985999
"303","ScotRail","TOC-on-TOC","TOC Other",18652,21273.5,23538,22185.5,14768.639997,13118.413998,13874.800999
"304","ScotRail","TOC-on-TOC","Traincrew",5771,5905,7430,8630.548,9255.101999,10233.063999,13511.354994
"305","South Western Railway","All Delay Minutes","All Delay Minutes",797207.999986,827525.999999,932771,910613.999991,945342.999964,1183610.999862,1407823.999892
"306","South Western Railway","NR-on-TOC","NR-on-TOC",542658.999995,566406.561,678995,631238.135993,639485.81597,837683.986393,961204.04991
"307","South Western Railway","NR-on-TOC","External",157637.8,109480.99,119213,118021,152415.019999,181072.832989,144764.490997
"308","South Western Railway","NR-on-TOC","Network Management / Other",114787.949995,104369.59,154097,207298.987993,211459.648979,250953.327426,324082.131949
"309","South Western Railway","NR-on-TOC","Non-Track Assets",165086.5,159990.25,179184,178474.148,158405.214992,244888.611983,279477.797973
"310","South Western Railway","NR-on-TOC","Severe Weather, Autumn,  & Structures",30130.75,82403.481,130784,52677,50114.896,65851.110998,80498.467992
"311","South Western Railway","NR-on-TOC","Track",75016,110162.25,95717,74767,67091.036,94918.102997,132381.160999
"312","South Western Railway","TOC-on-Self","TOC-on-Self",207888.499991,212368,211625.5,228834.5,260698.5,292996.603997,384171.236995
"313","South Western Railway","TOC-on-Self","Fleet",60569.129996,62285.5,55361.5,74549,85171,97775.003999,134145.086998
"314","South Western Railway","TOC-on-Self","Operations",1116,10668.5,10257,13641,12361,6789.415999,23449.597998
"315","South Western Railway","TOC-on-Self","Stations",31257.739999,34063,32275.5,27058.5,27376,32186.393,33358.072
"316","South Western Railway","TOC-on-Self","TOC Other",72299.239997,62021.5,67199.5,55944,68566,91244.172,104413.479999
"317","South Western Railway","TOC-on-Self","Traincrew",42646.389999,43329.5,46532,57642,67224.5,65001.618999,88805
"318","South Western Railway","TOC-on-TOC","TOC-on-TOC",46660.5,48751.438999,42150.5,50541.363998,45158.683994,52930.409472,62448.712987
"319","South Western Railway","TOC-on-TOC","Fleet",22239.5,25313,16396,26175.572,20425.726997,23483.909992,30626.487995
"320","South Western Railway","TOC-on-TOC","Operations",10557.5,7251.278999,5569.5,4956.828,5268.347999,5608.662494,4960.945
"321","South Western Railway","TOC-on-TOC","Stations",2363.5,2725,3057.5,2928.5,3060.974999,3083.166999,3321.390999
"322","South Western Railway","TOC-on-TOC","TOC Other",7822.5,7274.5,8562,8789,6759.069999,7949.520997,11491.870998
"323","South Western Railway","TOC-on-TOC","Traincrew",3677.5,6187.66,8565.5,7691.463998,9644.564,12805.14899,12048.017995
"324","Southeastern","All Delay Minutes","All Delay Minutes",772539.499989,864059.999987,972082.999982,954987.999976,1103252.999921,1293659.999867,1073218.9999
"325","Southeastern","NR-on-TOC","NR-on-TOC",416726.037995,532634.173994,631548.509994,594387.68898,715288.120435,919331.834403,732961.020719
"326","Southeastern","NR-on-TOC","External",74416.5,76653.619999,97142.379999,84335.072999,114915.601991,145946.767491,123422.01199
"327","Southeastern","NR-on-TOC","Network Management / Other",117852.377996,133935.553995,167770.559996,186759.403986,236744.792457,329701.255938,273484.875159
"328","Southeastern","NR-on-TOC","Non-Track Assets",160669.159999,159458,145818,182743.610997,227239.915495,283791.759486,193031.980986
"329","Southeastern","NR-on-TOC","Severe Weather, Autumn,  & Structures",41777,123339,175117.569999,66284.226999,75656.486496,92245.936494,72129.510588
"330","Southeastern","NR-on-TOC","Track",22011,39248,45700,74265.373999,60731.323996,67646.114994,70892.641996
"331","Southeastern","TOC-on-Self","TOC-on-Self",316545.461994,285608.359993,286683.989988,302549.719997,336303.648495,311025.798996,309463.32719
"332","Southeastern","TOC-on-Self","Fleet",138870.771998,112751.349996,108357.459998,115195.07,108198.129998,127352.239,121831.903998
"333","Southeastern","TOC-on-Self","Operations",50234.109998,41261.62,42297.299996,40317.909999,59552.999499,40230.744,45284.129998
"334","Southeastern","TOC-on-Self","Stations",19971,17653,20892.929999,21602.979999,24849.98,15991.533999,14498.635
"335","Southeastern","TOC-on-Self","TOC Other",61301.08,76025.539998,72594.159997,74542.559999,72414.429,72635.631999,75830.302198
"336","Southeastern","TOC-on-Self","Traincrew",46168.499998,37916.849999,42542.139998,50891.2,71288.109998,54815.649998,52018.355996
"337","Southeastern","TOC-on-TOC","TOC-on-TOC",39268,45817.466,53850.5,58050.590999,51661.230991,63302.366468,30794.651991
"338","Southeastern","TOC-on-TOC","Fleet",15975.5,20084.5,27401,22258.227999,23212.368997,22588.212488,12106.633996
"339","Southeastern","TOC-on-TOC","Operations",7098.5,6352.466,5730,7606.753,7200.752,18362.199993,2942.243998
"340","Southeastern","TOC-on-TOC","Stations",1395.5,1688.5,2696.5,3397.5,1932.27,2001.203997,810.125
"341","Southeastern","TOC-on-TOC","TOC Other",9670.5,9038,10683,11410.565,8809.844997,10244.439995,9043.195998
"342","Southeastern","TOC-on-TOC","Traincrew",5128,8654,7340,13377.545,10505.994997,10106.309995,5892.452999
"343","TfL Rail","All Delay Minutes","All Delay Minutes",76903.999994,61368.99999,60509.999994,75782.999995,64351.999989,60681.999975,71416.984976
"344","TfL Rail","NR-on-TOC","NR-on-TOC",45509.449997,32193.089993,31796.409997,42814.121998,34749.465993,36966.191977,37076.318982
"345","TfL Rail","NR-on-TOC","External",11294.5,5281.589999,5436,7727,5408.008999,6621.953997,5624.864
"346","TfL Rail","NR-on-TOC","Network Management / Other",10079.349998,8588.999999,9657.26,13688.812,13350.957994,13614.777989,13987.935987
"347","TfL Rail","NR-on-TOC","Non-Track Assets",16979,10271.699999,9827,11292.109999,8415.549,7517.785994,8781.348995
"348","TfL Rail","NR-on-TOC","Severe Weather, Autumn,  & Structures",1301.599999,2686.799996,3455.149997,3098.199999,1427.95,4976.641998,4643.17
"349","TfL Rail","NR-on-TOC","Track",5855,5364,3421,7008,6147,4235.031999,4039
"350","TfL Rail","TOC-on-Self","TOC-on-Self",16382.5,16995,16840.5,19135,18895.5,15309.003,23870.761998
"351","TfL Rail","TOC-on-Self","Fleet",7833,7569,6962.5,8557,5635.5,5331.984,13929.665999
"352","TfL Rail","TOC-on-Self","Operations",88.5,141.5,179,437,1703,714,1251.655
"353","TfL Rail","TOC-on-Self","Stations",2813,3810,3127,3783,3542,2899.191,2272.519
"354","TfL Rail","TOC-on-Self","TOC Other",3899,3104,4603,3759.5,5821.5,4445.328,3407
"355","TfL Rail","TOC-on-Self","Traincrew",1749,2370.5,1969,2598.5,2193.5,1918.5,3009.921999
"356","TfL Rail","TOC-on-TOC","TOC-on-TOC",15012.049997,12180.909997,11873.089997,13833.877997,10707.033996,8406.804998,10469.903996
"357","TfL Rail","TOC-on-TOC","Fleet",6205.88,5032.04,4528.769999,6216.14,5074.231998,4407.224999,6688.018997
"358","TfL Rail","TOC-on-TOC","Operations",849.8,789.799999,611.5,671.698,711,433.597,711.793999
"359","TfL Rail","TOC-on-TOC","Stations",942.5,942.98,1400.5,1877.5,940.481999,552.272,459.025
"360","TfL Rail","TOC-on-TOC","TOC Other",4517.319997,3676.609998,3039.239998,2632.799997,2315.389999,1543.586999,1338.058
"361","TfL Rail","TOC-on-TOC","Traincrew",2496.55,1739.48,2293.08,2435.74,1665.93,1470.124,1273.008
"362","TransPennine Express","All Delay Minutes","All Delay Minutes",316036.049989,363926.999986,371998.999988,471943.99999,475800.499978,420945.999779,486570.999699
"363","TransPennine Express","NR-on-TOC","NR-on-TOC",200460.029995,240388.365987,232501.781991,271083.490993,284714.689481,245754.469326,282146.564771
"364","TransPennine Express","NR-on-TOC","External",48941.2,37507,35836.5,53624,59896.1985,47316.547977,57759.343967
"365","TransPennine Express","NR-on-TOC","Network Management / Other",59464.279996,66161.365987,61530.281991,79604.247993,66962.480986,69764.654916,83101.929392
"366","TransPennine Express","NR-on-TOC","Non-Track Assets",53207,67925,69674,85007.662,75387.660996,75966.55496,77084.495453
"367","TransPennine Express","NR-on-TOC","Severe Weather, Autumn,  & Structures",14248.5,40863,30721,23241.581,39864.229999,24318.564481,25992.55047
"368","TransPennine Express","NR-on-TOC","Track",24599.049999,27932,34740,29606,42604.119,28388.146992,38208.245489
"369","TransPennine Express","TOC-on-Self","TOC-on-Self",31080.689994,34031.889999,45550.379998,76587.289999,75605.349999,67572.076993,71053.402987
"370","TransPennine Express","TOC-on-Self","Fleet",15993.079998,15154.139999,20100.07,44796.15,33608.75,35052.404998,32217.267998
"371","TransPennine Express","TOC-on-Self","Operations",2037.35,2521.75,2806,3655.5,3686.5,3868.556998,4651.006997
"372","TransPennine Express","TOC-on-Self","Stations",2454.48,2614.5,3224.599999,5094,5702.5,5531.524999,7633.944999
"373","TransPennine Express","TOC-on-Self","TOC Other",5220.499996,5973.6,5142.5,9069.5,10594.099999,8721,11041.696998
"374","TransPennine Express","TOC-on-Self","Traincrew",5375.28,7767.9,14277.209999,13972.139999,22013.5,14398.589998,15509.485995
"375","TransPennine Express","TOC-on-TOC","TOC-on-TOC",84495.33,89506.744,93946.837999,124273.218998,115480.460498,107619.45346,133371.031941
"376","TransPennine Express","TOC-on-TOC","Fleet",49569.918,51089.302,49385.568,63512.184,60833.967,54431.897483,66188.67598
"377","TransPennine Express","TOC-on-TOC","Operations",7366.912,6678.442,8493.269999,12934.250999,10863.239999,9958.943994,13379.209986
"378","TransPennine Express","TOC-on-TOC","Stations",5358,5660.5,5980.5,12224.5,12511.888,13755.578993,13481.271995
"379","TransPennine Express","TOC-on-TOC","TOC Other",12909.5,14926,17642,18032.5,16458.721499,16087.187995,22482.917985
"380","TransPennine Express","TOC-on-TOC","Traincrew",9291,11152.5,12445.5,17569.783999,14812.644,13385.844995,17838.955995
"381","Virgin Trains East Coast","All Delay Minutes","All Delay Minutes",356283.409998,364594.999996,355792.999992,273194.999997,327864.499959,359060.999822,375009.499713
"382","Virgin Trains East Coast","NR-on-TOC","NR-on-TOC",235832.037998,252485.719996,247681.152995,180277.965998,222189.982469,238851.740362,222626.18978
"383","Virgin Trains East Coast","NR-on-TOC","External",60214.5,47566.5,39893.5,38291.5,49272.600997,70263.128982,53153.329476
"384","Virgin Trains East Coast","NR-on-TOC","Network Management / Other",51659.127998,52768.719996,54954.594995,49898.965998,35979.124479,39884.53893,43243.632887
"385","Virgin Trains East Coast","NR-on-TOC","Non-Track Assets",71339.5,76932,78722,56311.5,51687.472994,70602.806468,72592.243952
"386","Virgin Trains East Coast","NR-on-TOC","Severe Weather, Autumn,  & Structures",18070.5,40203.5,33740.058,8983,37185.783999,17916.711987,14430.651475
"387","Virgin Trains East Coast","NR-on-TOC","Track",34548.41,35015,40371,26793,48065,40184.553995,39206.33199
"388","Virgin Trains East Coast","TOC-on-Self","TOC-on-Self",70584.3,65614.2,60394.489997,53069.099999,63483.963999,78910.182991,96712.711994
"389","Virgin Trains East Coast","TOC-on-Self","Fleet",51965.3,44684.2,41694.629999,35295,45240.463999,58200.732998,63655.812998
"390","Virgin Trains East Coast","TOC-on-Self","Operations",840,719.5,416.96,438.5,471,495,1458.433998
"391","Virgin Trains East Coast","TOC-on-Self","Stations",4758.5,4073,3892.5,4300.5,4380.5,5608.378998,10110.063999
"392","Virgin Trains East Coast","TOC-on-Self","TOC Other",7664.5,10778,9295,8639,9442,8969.241999,14700.669
"393","Virgin Trains East Coast","TOC-on-Self","Traincrew",5356,5359.5,5095.399998,4396.099999,3950,5636.828996,6787.731999
"394","Virgin Trains East Coast","TOC-on-TOC","TOC-on-TOC",49867.072,46495.08,47717.357,39847.934,42190.553491,41299.076469,55670.597939
"395","Virgin Trains East Coast","TOC-on-TOC","Fleet",29408.036,26001.938,24988.147,20081.448,24469.128995,21795.357986,33401.976976
"396","Virgin Trains East Coast","TOC-on-TOC","Operations",5158.536,4150.642,4647.71,4831.486,3405.452,3594.720994,4253.770485
"397","Virgin Trains East Coast","TOC-on-TOC","Stations",1412,1296.5,1932.5,2167,2797.036,2304.864998,2788.969997
"398","Virgin Trains East Coast","TOC-on-TOC","TOC Other",9097.5,9388,10250,7209,5958.221499,6967.909499,8430.534492
"399","Virgin Trains East Coast","TOC-on-TOC","Traincrew",4791,5658,5899,5559,5560.714997,6636.222992,6795.345989
"400","Virgin Trains West Coast","All Delay Minutes","All Delay Minutes",585806.379997,665581.99999,639407.999998,632338.999987,632513.999977,523807.999828,613953.921695
"401","Virgin Trains West Coast","NR-on-TOC","NR-on-TOC",415839.719999,470083.401995,451282.887998,438136.62499,448291.126982,365162.057362,416484.994282
"402","Virgin Trains West Coast","NR-on-TOC","External",91340.5,65491,94445,68211.5,84532.903,76154.42949,129583.388981
"403","Virgin Trains West Coast","NR-on-TOC","Network Management / Other",72888.339999,93992.901995,90423.887998,107587.63499,91921.955986,84375.100923,74855.689377
"404","Virgin Trains West Coast","NR-on-TOC","Non-Track Assets",137498,170640,153541.5,174612.49,128133.835999,117892.95847,120906.426941
"405","Virgin Trains West Coast","NR-on-TOC","Severe Weather, Autumn,  & Structures",40041.5,76511.5,60455.5,35027,74379.431997,40827.368482,31727.042984
"406","Virgin Trains West Coast","NR-on-TOC","Track",74071.38,63448,52417,52698,69323,45912.199997,59412.445999
"407","Virgin Trains West Coast","TOC-on-Self","TOC-on-Self",93589.499998,115286.149996,88927.5,91217.769999,87879.98,73931.241996,102140.176986
"408","Virgin Trains West Coast","TOC-on-Self","Fleet",51716,72684.849998,51043,55681.229999,50364,42043.109998,51986.527997
"409","Virgin Trains West Coast","TOC-on-Self","Operations",13715.5,5371.649999,4278.5,4079,3614.5,1901.984999,3335.446998
"410","Virgin Trains West Coast","TOC-on-Self","Stations",3348.599999,5044.849999,4165,5564.5,4809,4714.97,6544.163999
"411","Virgin Trains West Coast","TOC-on-Self","TOC Other",14073.899999,21692,19769,16551.44,18488,18227.795,24449.905996
"412","Virgin Trains West Coast","TOC-on-Self","Traincrew",10735.5,10492.8,9672,9341.6,10604.48,7043.381999,15824.131996
"413","Virgin Trains West Coast","TOC-on-TOC","TOC-on-TOC",76377.16,80212.447999,99197.612,102984.604998,96342.892995,84714.70047,95328.750427
"414","Virgin Trains West Coast","TOC-on-TOC","Fleet",38579.66,35684.04,49290,52231.936,46357.663998,40953.257991,43764.028478
"415","Virgin Trains West Coast","TOC-on-TOC","Operations",7867.5,8448.907999,11944.612,12152.440998,9558.265997,7903.127997,6896.39498
"416","Virgin Trains West Coast","TOC-on-TOC","Stations",2901.5,3332,4190.5,5917,5855.658,6017.769997,5997.381497
"417","Virgin Trains West Coast","TOC-on-TOC","TOC Other",18407,16073,17129,14599.5,14711.749,14289.83699,19866.251487
"418","Virgin Trains West Coast","TOC-on-TOC","Traincrew",8621.5,16674.5,16643.5,18083.728,19859.556,15550.707495,18804.693985
"419","West Midlands Trains","All Delay Minutes","All Delay Minutes",647758.999993,858418.999994,867433.999982,775051.999984,772437.999969,710643.99981,782517.999734
"420","West Midlands Trains","NR-on-TOC","NR-on-TOC",395823.839996,511844.539996,520189.325987,428665.394986,428815.618977,390014.42085,440491.58731
"421","West Midlands Trains","NR-on-TOC","External",91151,81458,103594,72503.042,81821.870999,83122.011984,102337.364974
"422","West Midlands Trains","NR-on-TOC","Network Management / Other",95538.339996,132407.639997,142283.125988,128734.840987,105380.981484,110577.37891,113164.3574
"423","West Midlands Trains","NR-on-TOC","Non-Track Assets",136680,167151,162065.5,161588.161999,152697.453997,113742.842978,128995.830462
"424","West Midlands Trains","NR-on-TOC","Severe Weather, Autumn,  & Structures",25928.5,78204.899999,72506.699999,26720.35,41416.312497,40305.783983,48073.38348
"425","West Midlands Trains","NR-on-TOC","Track",46526,52623,39740,39119,47499,42266.402995,47920.650994
"426","West Midlands Trains","TOC-on-Self","TOC-on-Self",142738.759998,207286.4,201446.499996,208169.399999,216612.899999,211430.72299,217529.311985
"427","West Midlands Trains","TOC-on-Self","Fleet",57650.759998,59174.9,58533.899999,61907.399999,61803,63383.707991,53375.209994
"428","West Midlands Trains","TOC-on-Self","Operations",4583.5,5392.5,7100.5,17463,3904,2441.99,1522.427998
"429","West Midlands Trains","TOC-on-Self","Stations",10620,12885.5,18080.5,23808,25971,33075.359999,31476.490999
"430","West Midlands Trains","TOC-on-Self","TOC Other",30944.5,43634,42629.899997,41404.5,41694.899999,44007.977,56459.522997
"431","West Midlands Trains","TOC-on-Self","Traincrew",38940,86199.5,75101.7,63586.5,83240,68521.688,74695.659997
"432","West Midlands Trains","TOC-on-TOC","TOC-on-TOC",109196.399999,139288.059998,145798.173999,138217.204999,127009.480993,109198.85597,124497.100439
"433","West Midlands Trains","TOC-on-TOC","Fleet",55288.847999,77549.131999,78816.283999,74358.535999,65571.173997,57817.815492,64117.157979
"434","West Midlands Trains","TOC-on-TOC","Operations",15687.552,12911.828,14006.99,13192.505,13576.861998,8940.92799,9935.820483
"435","West Midlands Trains","TOC-on-TOC","Stations",5033.5,5968.5,7523,8178,8127.893,7158.307999,7308.217996
"436","West Midlands Trains","TOC-on-TOC","TOC Other",19308.5,25728.599999,25987.9,21521.65,20724.702998,18218.216995,25199.612989
"437","West Midlands Trains","TOC-on-TOC","Traincrew",13878,17130,19464,20966.514,19008.849,17063.587494,17936.290992
